[{"stream_name":"stderr","time":44.116003065,"data":"Flax classes are deprecated and will be removed in Diffusers v1.0.0. We recommend migrating to PyTorch classes or pinning your version of Diffusers.\n"}
,{"stream_name":"stderr","time":44.116977237,"data":"Flax classes are deprecated and will be removed in Diffusers v1.0.0. We recommend migrating to PyTorch classes or pinning your version of Diffusers.\n"}
,{"stream_name":"stderr","time":45.224134341,"data":"\rFetching 14 files:   0%|          | 0/14 [00:00\u003c?, ?it/s]Warning: You are sending unauthenticated requests to the HF Hub. Please set a HF_TOKEN to enable higher rate limits and faster downloads.\n"}
,{"stream_name":"stderr","time":45.224172204,"data":"WARNING:huggingface_hub.utils._http:Warning: You are sending unauthenticated requests to the HF Hub. Please set a HF_TOKEN to enable higher rate limits and faster downloads.\n"}
,{"stream_name":"stderr","time":95.332192513,"data":"\rFetching 14 files:  14%|█▍        | 2/14 [00:00\u003c00:01,  7.91it/s]\rFetching 14 files:  29%|██▊       | 4/14 [00:50\u003c02:27, 14.74s/it]\rFetching 14 files: 100%|██████████| 14/14 [00:50\u003c00:00,  3.59s/it]\n"}
,{"stream_name":"stderr","time":95.729479761,"data":"\rLoading pipeline components...:   0%|          | 0/5 [00:00\u003c?, ?it/s]\n"}
,{"stream_name":"stderr","time":95.730119218,"data":"\rLoading weights:   0%|          | 0/288 [00:00\u003c?, ?it/s]\u001b[A\n"}
,{"stream_name":"stderr","time":95.730344301,"data":"\rLoading weights:   0%|          | 1/288 [00:00\u003c00:00, 7219.11it/s, Materializing param=embed_tokens.weight]\u001b[A\n"}
,{"stream_name":"stderr","time":95.731444511,"data":"\rLoading weights:   0%|          | 1/288 [00:00\u003c00:00, 1528.54it/s, Materializing param=embed_tokens.weight]\u001b[A\n"}
,{"stream_name":"stderr","time":95.731764719,"data":"\rLoading weights:   1%|          | 2/288 [00:00\u003c00:00, 1366.89it/s, Materializing param=layers.0.input_layernorm.weight]\u001b[A\n"}
,{"stream_name":"stderr","time":95.732890576,"data":"\rLoading weights:   1%|          | 2/288 [00:00\u003c00:00, 1117.14it/s, Materializing param=layers.0.input_layernorm.weight]\u001b[A\n"}
,{"stream_name":"stderr","time":95.733396271,"data":"\rLoading weights:   1%|          | 3/288 [00:00\u003c00:00, 1035.20it/s, Materializing param=layers.0.mlp.down_proj.weight]  \u001b[A\n"}
,{"stream_name":"stderr","time":95.735034069,"data":"\rLoading weights:   1%|          | 3/288 [00:00\u003c00:00, 760.07it/s, Materializing param=layers.0.mlp.down_proj.weight] \u001b[A\n"}
,{"stream_name":"stderr","time":95.735869716,"data":"\rLoading weights:   1%|▏         | 4/288 [00:00\u003c00:00, 792.91it/s, Materializing param=layers.0.mlp.gate_proj.weight]\u001b[A\n"}
,{"stream_name":"stderr","time":95.736391902,"data":"\rLoading weights:   1%|▏         | 4/288 [00:00\u003c00:00, 676.88it/s, Materializing param=layers.0.mlp.gate_proj.weight]\u001b[A\n"}
,{"stream_name":"stderr","time":95.736764343,"data":"\rLoading weights:   2%|▏         | 5/288 [00:00\u003c00:00, 781.76it/s, Materializing param=layers.0.mlp.up_proj.weight]  \u001b[A\n"}
,{"stream_name":"stderr","time":95.737532808,"data":"\rLoading weights:   2%|▏         | 5/288 [00:00\u003c00:00, 735.09it/s, Materializing param=layers.0.mlp.up_proj.weight]\u001b[A\n"}
,{"stream_name":"stderr","time":95.737681767,"data":"\rLoading weights:   2%|▏         | 6/288 [00:00\u003c00:00, 794.75it/s, Materializing param=layers.0.post_attention_layernorm.weight]\u001b[A\n"}
,{"stream_name":"stderr","time":95.739242356,"data":"\rLoading weights:   2%|▏         | 6/288 [00:00\u003c00:00, 736.01it/s, Materializing param=layers.0.post_attention_layernorm.weight]\u001b[A\n"}
,{"stream_name":"stderr","time":95.740187283,"data":"\rLoading weights:   2%|▏         | 7/288 [00:00\u003c00:00, 710.49it/s, Materializing param=layers.0.post_feedforward_layernorm.weight]\u001b[A\n"}
,{"stream_name":"stderr","time":95.740603821,"data":"\rLoading weights:   2%|▏         | 7/288 [00:00\u003c00:00, 684.72it/s, Materializing param=layers.0.post_feedforward_layernorm.weight]\u001b[A\n"}
,{"stream_name":"stderr","time":95.740754719,"data":"\rLoading weights:   3%|▎         | 8/288 [00:00\u003c00:00, 754.61it/s, Materializing param=layers.0.pre_feedforward_layernorm.weight] \u001b[A\n"}
,{"stream_name":"stderr","time":95.742682037,"data":"\rLoading weights:   3%|▎         | 8/288 [00:00\u003c00:00, 741.03it/s, Materializing param=layers.0.pre_feedforward_layernorm.weight]\u001b[A\n"}
,{"stream_name":"stderr","time":95.742837191,"data":"\rLoading weights:   3%|▎         | 9/288 [00:00\u003c00:00, 710.85it/s, Materializing param=layers.0.self_attn.k_proj.weight]         \u001b[A\n"}
,{"stream_name":"stderr","time":95.745325454,"data":"\rLoading weights:   3%|▎         | 9/288 [00:00\u003c00:00, 682.79it/s, Materializing param=layers.0.self_attn.k_proj.weight]\u001b[A\n"}
,{"stream_name":"stderr","time":95.746568928,"data":"\rLoading weights:   3%|▎         | 10/288 [00:00\u003c00:00, 654.11it/s, Materializing param=layers.0.self_attn.o_proj.weight]\u001b[A\n"}
,{"stream_name":"stderr","time":95.748823733,"data":"\rLoading weights:   3%|▎         | 10/288 [00:00\u003c00:00, 581.13it/s, Materializing param=layers.0.self_attn.o_proj.weight]\u001b[A\n"}
,{"stream_name":"stderr","time":95.749288699,"data":"\rLoading weights:   4%|▍         | 11/288 [00:00\u003c00:00, 574.35it/s, Materializing param=layers.0.self_attn.q_proj.weight]\u001b[A\n"}
,{"stream_name":"stderr","time":95.75074164,"data":"\rLoading weights:   4%|▍         | 11/288 [00:00\u003c00:00, 566.64it/s, Materializing param=layers.0.self_attn.q_proj.weight]\u001b[A\n"}
,{"stream_name":"stderr","time":95.751522379,"data":"\rLoading weights:   4%|▍         | 12/288 [00:00\u003c00:00, 572.52it/s, Materializing param=layers.0.self_attn.v_proj.weight]\u001b[A\n"}
,{"stream_name":"stderr","time":95.751965305,"data":"\rLoading weights:   4%|▍         | 12/288 [00:00\u003c00:00, 555.47it/s, Materializing param=layers.0.self_attn.v_proj.weight]\u001b[A\n"}
,{"stream_name":"stderr","time":95.753508429,"data":"\rLoading weights:   5%|▍         | 13/288 [00:00\u003c00:00, 581.40it/s, Materializing param=layers.1.input_layernorm.weight] \u001b[A\n"}
,{"stream_name":"stderr","time":95.75531081,"data":"\rLoading weights:   5%|▍         | 13/288 [00:00\u003c00:00, 529.81it/s, Materializing param=layers.1.input_layernorm.weight]\u001b[A\n"}
,{"stream_name":"stderr","time":95.755555606,"data":"\rLoading weights:   5%|▍         | 14/288 [00:00\u003c00:00, 552.93it/s, Materializing param=layers.1.mlp.down_proj.weight]  \u001b[A\n"}
,{"stream_name":"stderr","time":95.757631233,"data":"\rLoading weights:   5%|▍         | 14/288 [00:00\u003c00:00, 546.64it/s, Materializing param=layers.1.mlp.down_proj.weight]\u001b[A\n"}
,{"stream_name":"stderr","time":95.758286003,"data":"\rLoading weights:   5%|▌         | 15/288 [00:00\u003c00:00, 543.25it/s, Materializing param=layers.1.mlp.gate_proj.weight]\u001b[A\n"}
,{"stream_name":"stderr","time":95.75918549,"data":"\rLoading weights:   5%|▌         | 15/288 [00:00\u003c00:00, 529.39it/s, Materializing param=layers.1.mlp.gate_proj.weight]\u001b[A\n"}
,{"stream_name":"stderr","time":95.759422863,"data":"\rLoading weights:   6%|▌         | 16/288 [00:00\u003c00:00, 545.99it/s, Materializing param=layers.1.mlp.up_proj.weight]  \u001b[A\n"}
,{"stream_name":"stderr","time":95.760340176,"data":"\rLoading weights:   6%|▌         | 16/288 [00:00\u003c00:00, 542.75it/s, Materializing param=layers.1.mlp.up_proj.weight]\u001b[A\n"}
,{"stream_name":"stderr","time":95.761709385,"data":"\rLoading weights:   6%|▌         | 17/288 [00:00\u003c00:00, 560.81it/s, Materializing param=layers.1.post_attention_layernorm.weight]\u001b[A\n"}
,{"stream_name":"stderr","time":95.763026914,"data":"\rLoading weights:   6%|▌         | 17/288 [00:00\u003c00:00, 521.60it/s, Materializing param=layers.1.post_attention_layernorm.weight]\u001b[A\n"}
,{"stream_name":"stderr","time":95.763326543,"data":"\rLoading weights:   6%|▋         | 18/288 [00:00\u003c00:00, 542.28it/s, Materializing param=layers.1.post_feedforward_layernorm.weight]\u001b[A\n"}
,{"stream_name":"stderr","time":95.763799145,"data":"\rLoading weights:   6%|▋         | 18/288 [00:00\u003c00:00, 539.51it/s, Materializing param=layers.1.post_feedforward_layernorm.weight]\u001b[A\n"}
,{"stream_name":"stderr","time":95.765360764,"data":"\rLoading weights:   7%|▋         | 19/288 [00:00\u003c00:00, 562.24it/s, Materializing param=layers.1.pre_feedforward_layernorm.weight] \u001b[A\n"}
,{"stream_name":"stderr","time":95.767202548,"data":"\rLoading weights:   7%|▋         | 19/288 [00:00\u003c00:00, 526.57it/s, Materializing param=layers.1.pre_feedforward_layernorm.weight]\u001b[A\n"}
,{"stream_name":"stderr","time":95.768633579,"data":"\rLoading weights:   7%|▋         | 20/288 [00:00\u003c00:00, 526.04it/s, Materializing param=layers.1.self_attn.k_proj.weight]         \u001b[A\n"}
,{"stream_name":"stderr","time":95.770369897,"data":"\rLoading weights:   7%|▋         | 20/288 [00:00\u003c00:00, 500.34it/s, Materializing param=layers.1.self_attn.k_proj.weight]\u001b[A\n"}
,{"stream_name":"stderr","time":95.771318478,"data":"\rLoading weights:   7%|▋         | 21/288 [00:00\u003c00:00, 517.23it/s, Materializing param=layers.1.self_attn.o_proj.weight]\u001b[A\n"}
,{"stream_name":"stderr","time":95.772087736,"data":"\rLoading weights:   7%|▋         | 21/288 [00:00\u003c00:00, 507.56it/s, Materializing param=layers.1.self_attn.o_proj.weight]\u001b[A\n"}
,{"stream_name":"stderr","time":95.772200565,"data":"\rLoading weights:   8%|▊         | 22/288 [00:00\u003c00:00, 522.71it/s, Materializing param=layers.1.self_attn.q_proj.weight]\u001b[A\n"}
,{"stream_name":"stderr","time":95.774046462,"data":"\rLoading weights:   8%|▊         | 22/288 [00:00\u003c00:00, 520.64it/s, Materializing param=layers.1.self_attn.q_proj.weight]\u001b[A\n"}
,{"stream_name":"stderr","time":95.774692875,"data":"\rLoading weights:   8%|▊         | 23/288 [00:00\u003c00:00, 521.90it/s, Materializing param=layers.1.self_attn.v_proj.weight]\u001b[A\n"}
,{"stream_name":"stderr","time":95.776229164,"data":"\rLoading weights:   8%|▊         | 23/288 [00:00\u003c00:00, 513.79it/s, Materializing param=layers.1.self_attn.v_proj.weight]\u001b[A\n"}
,{"stream_name":"stderr","time":95.776361147,"data":"\rLoading weights:   8%|▊         | 24/288 [00:00\u003c00:00, 518.96it/s, Materializing param=layers.2.input_layernorm.weight] \u001b[A\n"}
,{"stream_name":"stderr","time":95.777544583,"data":"\rLoading weights:   8%|▊         | 24/288 [00:00\u003c00:00, 517.03it/s, Materializing param=layers.2.input_layernorm.weight]\u001b[A\n"}
,{"stream_name":"stderr","time":95.778489427,"data":"\rLoading weights:   9%|▊         | 25/288 [00:00\u003c00:00, 521.67it/s, Materializing param=layers.2.mlp.down_proj.weight]  \u001b[A\n"}
,{"stream_name":"stderr","time":95.779331753,"data":"\rLoading weights:   9%|▊         | 25/288 [00:00\u003c00:00, 512.17it/s, Materializing param=layers.2.mlp.down_proj.weight]\u001b[A\n"}
,{"stream_name":"stderr","time":95.779472649,"data":"\rLoading weights:   9%|▉         | 26/288 [00:00\u003c00:00, 526.78it/s, Materializing param=layers.2.mlp.gate_proj.weight]\u001b[A\n"}
,{"stream_name":"stderr","time":95.780173437,"data":"\rLoading weights:   9%|▉         | 26/288 [00:00\u003c00:00, 524.93it/s, Materializing param=layers.2.mlp.gate_proj.weight]\u001b[A\n"}
,{"stream_name":"stderr","time":95.781403144,"data":"\rLoading weights:   9%|▉         | 27/288 [00:00\u003c00:00, 527.02it/s, Materializing param=layers.2.mlp.up_proj.weight]  \u001b[A\n"}
,{"stream_name":"stderr","time":95.782647459,"data":"\rLoading weights:   9%|▉         | 27/288 [00:00\u003c00:00, 521.54it/s, Materializing param=layers.2.mlp.up_proj.weight]\u001b[A\n"}
,{"stream_name":"stderr","time":95.783619602,"data":"\rLoading weights:  10%|▉         | 28/288 [00:00\u003c00:00, 531.91it/s, Materializing param=layers.2.post_attention_layernorm.weight]\u001b[A\n"}
,{"stream_name":"stderr","time":95.784994382,"data":"\rLoading weights:  10%|▉         | 28/288 [00:00\u003c00:00, 521.88it/s, Materializing param=layers.2.post_attention_layernorm.weight]\u001b[A\n"}
,{"stream_name":"stderr","time":95.785200442,"data":"\rLoading weights:  10%|█         | 29/288 [00:00\u003c00:00, 528.36it/s, Materializing param=layers.2.post_feedforward_layernorm.weight]\u001b[A\n"}
,{"stream_name":"stderr","time":95.786144738,"data":"\rLoading weights:  10%|█         | 29/288 [00:00\u003c00:00, 526.49it/s, Materializing param=layers.2.post_feedforward_layernorm.weight]\u001b[A\n"}
,{"stream_name":"stderr","time":95.787172568,"data":"\rLoading weights:  10%|█         | 30/288 [00:00\u003c00:00, 530.44it/s, Materializing param=layers.2.pre_feedforward_layernorm.weight] \u001b[A\n"}
,{"stream_name":"stderr","time":95.789566284,"data":"\rLoading weights:  10%|█         | 30/288 [00:00\u003c00:00, 517.30it/s, Materializing param=layers.2.pre_feedforward_layernorm.weight]\u001b[A\n"}
,{"stream_name":"stderr","time":95.792226124,"data":"\rLoading weights:  11%|█         | 31/288 [00:00\u003c00:00, 511.04it/s, Materializing param=layers.2.self_attn.k_proj.weight]         \u001b[A\n"}
,{"stream_name":"stderr","time":95.793712256,"data":"\rLoading weights:  11%|█         | 31/288 [00:00\u003c00:00, 491.15it/s, Materializing param=layers.2.self_attn.k_proj.weight]\u001b[A\n"}
,{"stream_name":"stderr","time":95.794944143,"data":"\rLoading weights:  11%|█         | 32/288 [00:00\u003c00:00, 502.05it/s, Materializing param=layers.2.self_attn.o_proj.weight]\u001b[A\n"}
,{"stream_name":"stderr","time":95.795695404,"data":"\rLoading weights:  11%|█         | 32/288 [00:00\u003c00:00, 490.42it/s, Materializing param=layers.2.self_attn.o_proj.weight]\u001b[A\n"}
,{"stream_name":"stderr","time":95.797464885,"data":"\rLoading weights:  11%|█▏        | 33/288 [00:00\u003c00:00, 496.08it/s, Materializing param=layers.2.self_attn.q_proj.weight]\u001b[A\n"}
,{"stream_name":"stderr","time":95.79917007,"data":"\rLoading weights:  11%|█▏        | 33/288 [00:00\u003c00:00, 488.35it/s, Materializing param=layers.2.self_attn.q_proj.weight]\u001b[A\n"}
,{"stream_name":"stderr","time":95.800673588,"data":"\rLoading weights:  12%|█▏        | 34/288 [00:00\u003c00:00, 489.90it/s, Materializing param=layers.2.self_attn.v_proj.weight]\u001b[A\n"}
,{"stream_name":"stderr","time":95.802297919,"data":"\rLoading weights:  12%|█▏        | 34/288 [00:00\u003c00:00, 480.77it/s, Materializing param=layers.2.self_attn.v_proj.weight]\u001b[A\n"}
,{"stream_name":"stderr","time":95.80376201,"data":"\rLoading weights:  12%|█▏        | 35/288 [00:00\u003c00:00, 479.52it/s, Materializing param=layers.3.input_layernorm.weight] \u001b[A\n"}
,{"stream_name":"stderr","time":95.805928923,"data":"\rLoading weights:  12%|█▏        | 35/288 [00:00\u003c00:00, 472.45it/s, Materializing param=layers.3.input_layernorm.weight]\u001b[A\n"}
,{"stream_name":"stderr","time":95.80707627,"data":"\rLoading weights:  12%|█▎        | 36/288 [00:00\u003c00:00, 473.63it/s, Materializing param=layers.3.mlp.down_proj.weight]  \u001b[A\n"}
,{"stream_name":"stderr","time":95.808494226,"data":"\rLoading weights:  12%|█▎        | 36/288 [00:00\u003c00:00, 465.04it/s, Materializing param=layers.3.mlp.down_proj.weight]\u001b[A\n"}
,{"stream_name":"stderr","time":95.810304338,"data":"\rLoading weights:  13%|█▎        | 37/288 [00:00\u003c00:00, 470.77it/s, Materializing param=layers.3.mlp.gate_proj.weight]\u001b[A\n"}
,{"stream_name":"stderr","time":95.812261239,"data":"\rLoading weights:  13%|█▎        | 37/288 [00:00\u003c00:00, 460.70it/s, Materializing param=layers.3.mlp.gate_proj.weight]\u001b[A\n"}
,{"stream_name":"stderr","time":95.812591778,"data":"\rLoading weights:  13%|█▎        | 38/288 [00:00\u003c00:00, 460.94it/s, Materializing param=layers.3.mlp.up_proj.weight]  \u001b[A\n"}
,{"stream_name":"stderr","time":95.813425937,"data":"\rLoading weights:  13%|█▎        | 38/288 [00:00\u003c00:00, 459.95it/s, Materializing param=layers.3.mlp.up_proj.weight]\u001b[A\n"}
,{"stream_name":"stderr","time":95.813591221,"data":"\rLoading weights:  14%|█▎        | 39/288 [00:00\u003c00:00, 467.38it/s, Materializing param=layers.3.post_attention_layernorm.weight]\u001b[A\n"}
,{"stream_name":"stderr","time":95.815282841,"data":"\rLoading weights:  14%|█▎        | 39/288 [00:00\u003c00:00, 466.26it/s, Materializing param=layers.3.post_attention_layernorm.weight]\u001b[A\n"}
,{"stream_name":"stderr","time":95.815804409,"data":"\rLoading weights:  14%|█▍        | 40/288 [00:00\u003c00:00, 467.72it/s, Materializing param=layers.3.post_feedforward_layernorm.weight]\u001b[A\n"}
,{"stream_name":"stderr","time":95.816356657,"data":"\rLoading weights:  14%|█▍        | 40/288 [00:00\u003c00:00, 465.83it/s, Materializing param=layers.3.post_feedforward_layernorm.weight]\u001b[A\n"}
,{"stream_name":"stderr","time":95.817275102,"data":"\rLoading weights:  14%|█▍        | 41/288 [00:00\u003c00:00, 474.62it/s, Materializing param=layers.3.pre_feedforward_layernorm.weight] \u001b[A\n"}
,{"stream_name":"stderr","time":95.817753769,"data":"\rLoading weights:  14%|█▍        | 41/288 [00:00\u003c00:00, 469.57it/s, Materializing param=layers.3.pre_feedforward_layernorm.weight]\u001b[A\n"}
,{"stream_name":"stderr","time":95.818459939,"data":"\rLoading weights:  15%|█▍        | 42/288 [00:00\u003c00:00, 478.62it/s, Materializing param=layers.3.self_attn.k_proj.weight]         \u001b[A\n"}
,{"stream_name":"stderr","time":95.819327529,"data":"\rLoading weights:  15%|█▍        | 42/288 [00:00\u003c00:00, 474.76it/s, Materializing param=layers.3.self_attn.k_proj.weight]\u001b[A\n"}
,{"stream_name":"stderr","time":95.819456286,"data":"\rLoading weights:  15%|█▍        | 43/288 [00:00\u003c00:00, 481.22it/s, Materializing param=layers.3.self_attn.o_proj.weight]\u001b[A\n"}
,{"stream_name":"stderr","time":95.820619163,"data":"\rLoading weights:  15%|█▍        | 43/288 [00:00\u003c00:00, 480.36it/s, Materializing param=layers.3.self_attn.o_proj.weight]\u001b[A\n"}
,{"stream_name":"stderr","time":95.82106584,"data":"\rLoading weights:  15%|█▌        | 44/288 [00:00\u003c00:00, 484.01it/s, Materializing param=layers.3.self_attn.q_proj.weight]\u001b[A\n"}
,{"stream_name":"stderr","time":95.821764284,"data":"\rLoading weights:  15%|█▌        | 44/288 [00:00\u003c00:00, 481.44it/s, Materializing param=layers.3.self_attn.q_proj.weight]\u001b[A\n"}
,{"stream_name":"stderr","time":95.822177747,"data":"\rLoading weights:  16%|█▌        | 45/288 [00:00\u003c00:00, 490.24it/s, Materializing param=layers.3.self_attn.v_proj.weight]\u001b[A\n"}
,{"stream_name":"stderr","time":95.825930087,"data":"\rLoading weights:  16%|█▌        | 45/288 [00:00\u003c00:00, 482.86it/s, Materializing param=layers.3.self_attn.v_proj.weight]\u001b[A\n"}
,{"stream_name":"stderr","time":95.82667479,"data":"\rLoading weights:  16%|█▌        | 46/288 [00:00\u003c00:00, 479.08it/s, Materializing param=layers.4.input_layernorm.weight] \u001b[A\n"}
,{"stream_name":"stderr","time":95.827581398,"data":"\rLoading weights:  16%|█▌        | 46/288 [00:00\u003c00:00, 475.68it/s, Materializing param=layers.4.input_layernorm.weight]\u001b[A\n"}
,{"stream_name":"stderr","time":95.827806005,"data":"\rLoading weights:  16%|█▋        | 47/288 [00:00\u003c00:00, 481.32it/s, Materializing param=layers.4.mlp.down_proj.weight]  \u001b[A\n"}
,{"stream_name":"stderr","time":95.828482803,"data":"\rLoading weights:  16%|█▋        | 47/288 [00:00\u003c00:00, 478.89it/s, Materializing param=layers.4.mlp.down_proj.weight]\u001b[A\n"}
,{"stream_name":"stderr","time":95.828913707,"data":"\rLoading weights:  17%|█▋        | 48/288 [00:00\u003c00:00, 485.91it/s, Materializing param=layers.4.mlp.gate_proj.weight]\u001b[A\n"}
,{"stream_name":"stderr","time":95.829790038,"data":"\rLoading weights:  17%|█▋        | 48/288 [00:00\u003c00:00, 483.94it/s, Materializing param=layers.4.mlp.gate_proj.weight]\u001b[A\n"}
,{"stream_name":"stderr","time":95.830107327,"data":"\rLoading weights:  17%|█▋        | 49/288 [00:00\u003c00:00, 491.03it/s, Materializing param=layers.4.mlp.up_proj.weight]  \u001b[A\n"}
,{"stream_name":"stderr","time":95.830949449,"data":"\rLoading weights:  17%|█▋        | 49/288 [00:00\u003c00:00, 490.12it/s, Materializing param=layers.4.mlp.up_proj.weight]\u001b[A\n"}
,{"stream_name":"stderr","time":95.83176015,"data":"\rLoading weights:  17%|█▋        | 50/288 [00:00\u003c00:00, 495.56it/s, Materializing param=layers.4.mlp.up_proj.weight]\u001b[A\n"}
,{"stream_name":"stderr","time":95.832180021,"data":"\rLoading weights:  17%|█▋        | 50/288 [00:00\u003c00:00, 495.56it/s, Materializing param=layers.4.post_attention_layernorm.weight]\u001b[A\n"}
,{"stream_name":"stderr","time":95.833427476,"data":"\rLoading weights:  17%|█▋        | 50/288 [00:00\u003c00:00, 495.56it/s, Materializing param=layers.4.post_attention_layernorm.weight]\u001b[A\n"}
,{"stream_name":"stderr","time":95.834831265,"data":"\rLoading weights:  18%|█▊        | 51/288 [00:00\u003c00:00, 495.56it/s, Materializing param=layers.4.post_feedforward_layernorm.weight]\u001b[A\n"}
,{"stream_name":"stderr","time":95.835291936,"data":"\rLoading weights:  18%|█▊        | 51/288 [00:00\u003c00:00, 495.56it/s, Materializing param=layers.4.post_feedforward_layernorm.weight]\u001b[A\n"}
,{"stream_name":"stderr","time":95.836254035,"data":"\rLoading weights:  18%|█▊        | 52/288 [00:00\u003c00:00, 495.56it/s, Materializing param=layers.4.pre_feedforward_layernorm.weight] \u001b[A\n"}
,{"stream_name":"stderr","time":95.836786533,"data":"\rLoading weights:  18%|█▊        | 52/288 [00:00\u003c00:00, 495.56it/s, Materializing param=layers.4.pre_feedforward_layernorm.weight]\u001b[A\n"}
,{"stream_name":"stderr","time":95.837212833,"data":"\rLoading weights:  18%|█▊        | 53/288 [00:00\u003c00:00, 495.56it/s, Materializing param=layers.4.self_attn.k_proj.weight]         \u001b[A\n"}
,{"stream_name":"stderr","time":95.83770995,"data":"\rLoading weights:  18%|█▊        | 53/288 [00:00\u003c00:00, 495.56it/s, Materializing param=layers.4.self_attn.k_proj.weight]\u001b[A\n"}
,{"stream_name":"stderr","time":95.838767814,"data":"\rLoading weights:  19%|█▉        | 54/288 [00:00\u003c00:00, 495.56it/s, Materializing param=layers.4.self_attn.o_proj.weight]\u001b[A\n"}
,{"stream_name":"stderr","time":95.841266434,"data":"\rLoading weights:  19%|█▉        | 54/288 [00:00\u003c00:00, 495.56it/s, Materializing param=layers.4.self_attn.o_proj.weight]\u001b[A\n"}
,{"stream_name":"stderr","time":95.841408488,"data":"\rLoading weights:  19%|█▉        | 55/288 [00:00\u003c00:00, 495.56it/s, Materializing param=layers.4.self_attn.q_proj.weight]\u001b[A\n"}
,{"stream_name":"stderr","time":95.841914853,"data":"\rLoading weights:  19%|█▉        | 55/288 [00:00\u003c00:00, 495.56it/s, Materializing param=layers.4.self_attn.q_proj.weight]\u001b[A\n"}
,{"stream_name":"stderr","time":95.842073394,"data":"\rLoading weights:  19%|█▉        | 56/288 [00:00\u003c00:00, 495.56it/s, Materializing param=layers.4.self_attn.v_proj.weight]\u001b[A\n"}
,{"stream_name":"stderr","time":95.843561795,"data":"\rLoading weights:  19%|█▉        | 56/288 [00:00\u003c00:00, 495.56it/s, Materializing param=layers.4.self_attn.v_proj.weight]\u001b[A\n"}
,{"stream_name":"stderr","time":95.844229315,"data":"\rLoading weights:  20%|█▉        | 57/288 [00:00\u003c00:00, 495.56it/s, Materializing param=layers.5.input_layernorm.weight] \u001b[A\n"}
,{"stream_name":"stderr","time":95.845660684,"data":"\rLoading weights:  20%|█▉        | 57/288 [00:00\u003c00:00, 495.56it/s, Materializing param=layers.5.input_layernorm.weight]\u001b[A\n"}
,{"stream_name":"stderr","time":95.846858088,"data":"\rLoading weights:  20%|██        | 58/288 [00:00\u003c00:00, 495.56it/s, Materializing param=layers.5.mlp.down_proj.weight]  \u001b[A\n"}
,{"stream_name":"stderr","time":95.848036301,"data":"\rLoading weights:  20%|██        | 58/288 [00:00\u003c00:00, 495.56it/s, Materializing param=layers.5.mlp.down_proj.weight]\u001b[A\n"}
,{"stream_name":"stderr","time":95.848928804,"data":"\rLoading weights:  20%|██        | 59/288 [00:00\u003c00:00, 495.56it/s, Materializing param=layers.5.mlp.gate_proj.weight]\u001b[A\n"}
,{"stream_name":"stderr","time":95.850614941,"data":"\rLoading weights:  20%|██        | 59/288 [00:00\u003c00:00, 495.56it/s, Materializing param=layers.5.mlp.gate_proj.weight]\u001b[A\n"}
,{"stream_name":"stderr","time":95.850866228,"data":"\rLoading weights:  21%|██        | 60/288 [00:00\u003c00:00, 495.56it/s, Materializing param=layers.5.mlp.up_proj.weight]  \u001b[A\n"}
,{"stream_name":"stderr","time":95.85206053,"data":"\rLoading weights:  21%|██        | 60/288 [00:00\u003c00:00, 495.56it/s, Materializing param=layers.5.mlp.up_proj.weight]\u001b[A\n"}
,{"stream_name":"stderr","time":95.852670121,"data":"\rLoading weights:  21%|██        | 61/288 [00:00\u003c00:00, 495.56it/s, Materializing param=layers.5.post_attention_layernorm.weight]\u001b[A\n"}
,{"stream_name":"stderr","time":95.853631632,"data":"\rLoading weights:  21%|██        | 61/288 [00:00\u003c00:00, 495.56it/s, Materializing param=layers.5.post_attention_layernorm.weight]\u001b[A\n"}
,{"stream_name":"stderr","time":95.853983345,"data":"\rLoading weights:  22%|██▏       | 62/288 [00:00\u003c00:00, 495.56it/s, Materializing param=layers.5.post_feedforward_layernorm.weight]\u001b[A\n"}
,{"stream_name":"stderr","time":95.854235582,"data":"\rLoading weights:  22%|██▏       | 62/288 [00:00\u003c00:00, 495.56it/s, Materializing param=layers.5.post_feedforward_layernorm.weight]\u001b[A\n"}
,{"stream_name":"stderr","time":95.85436338,"data":"\rLoading weights:  22%|██▏       | 63/288 [00:00\u003c00:00, 495.56it/s, Materializing param=layers.5.pre_feedforward_layernorm.weight] \u001b[A\n"}
,{"stream_name":"stderr","time":95.854614071,"data":"\rLoading weights:  22%|██▏       | 63/288 [00:00\u003c00:00, 495.56it/s, Materializing param=layers.5.pre_feedforward_layernorm.weight]\u001b[A\n"}
,{"stream_name":"stderr","time":95.854742421,"data":"\rLoading weights:  22%|██▏       | 64/288 [00:00\u003c00:00, 495.56it/s, Materializing param=layers.5.self_attn.k_proj.weight]         \u001b[A\n"}
,{"stream_name":"stderr","time":95.855020688,"data":"\rLoading weights:  22%|██▏       | 64/288 [00:00\u003c00:00, 495.56it/s, Materializing param=layers.5.self_attn.k_proj.weight]\u001b[A\n"}
,{"stream_name":"stderr","time":95.855134104,"data":"\rLoading weights:  23%|██▎       | 65/288 [00:00\u003c00:00, 495.56it/s, Materializing param=layers.5.self_attn.o_proj.weight]\u001b[A\n"}
,{"stream_name":"stderr","time":95.855376033,"data":"\rLoading weights:  23%|██▎       | 65/288 [00:00\u003c00:00, 495.56it/s, Materializing param=layers.5.self_attn.o_proj.weight]\u001b[A\n"}
,{"stream_name":"stderr","time":95.855502307,"data":"\rLoading weights:  23%|██▎       | 66/288 [00:00\u003c00:00, 495.56it/s, Materializing param=layers.5.self_attn.q_proj.weight]\u001b[A\n"}
,{"stream_name":"stderr","time":95.855765059,"data":"\rLoading weights:  23%|██▎       | 66/288 [00:00\u003c00:00, 495.56it/s, Materializing param=layers.5.self_attn.q_proj.weight]\u001b[A\n"}
,{"stream_name":"stderr","time":95.855873333,"data":"\rLoading weights:  23%|██▎       | 67/288 [00:00\u003c00:00, 495.56it/s, Materializing param=layers.5.self_attn.v_proj.weight]\u001b[A\n"}
,{"stream_name":"stderr","time":95.856123012,"data":"\rLoading weights:  23%|██▎       | 67/288 [00:00\u003c00:00, 495.56it/s, Materializing param=layers.5.self_attn.v_proj.weight]\u001b[A\n"}
,{"stream_name":"stderr","time":95.856228234,"data":"\rLoading weights:  24%|██▎       | 68/288 [00:00\u003c00:00, 495.56it/s, Materializing param=layers.6.input_layernorm.weight] \u001b[A\n"}
,{"stream_name":"stderr","time":95.856463924,"data":"\rLoading weights:  24%|██▎       | 68/288 [00:00\u003c00:00, 495.56it/s, Materializing param=layers.6.input_layernorm.weight]\u001b[A\n"}
,{"stream_name":"stderr","time":95.856573188,"data":"\rLoading weights:  24%|██▍       | 69/288 [00:00\u003c00:00, 495.56it/s, Materializing param=layers.6.mlp.down_proj.weight]  \u001b[A\n"}
,{"stream_name":"stderr","time":95.856834875,"data":"\rLoading weights:  24%|██▍       | 69/288 [00:00\u003c00:00, 495.56it/s, Materializing param=layers.6.mlp.down_proj.weight]\u001b[A\n"}
,{"stream_name":"stderr","time":95.856937493,"data":"\rLoading weights:  24%|██▍       | 70/288 [00:00\u003c00:00, 495.56it/s, Materializing param=layers.6.mlp.gate_proj.weight]\u001b[A\n"}
,{"stream_name":"stderr","time":95.857177744,"data":"\rLoading weights:  24%|██▍       | 70/288 [00:00\u003c00:00, 495.56it/s, Materializing param=layers.6.mlp.gate_proj.weight]\u001b[A\n"}
,{"stream_name":"stderr","time":95.857293394,"data":"\rLoading weights:  25%|██▍       | 71/288 [00:00\u003c00:00, 495.56it/s, Materializing param=layers.6.mlp.up_proj.weight]  \u001b[A\n"}
,{"stream_name":"stderr","time":95.857561389,"data":"\rLoading weights:  25%|██▍       | 71/288 [00:00\u003c00:00, 495.56it/s, Materializing param=layers.6.mlp.up_proj.weight]\u001b[A\n"}
,{"stream_name":"stderr","time":95.85767799,"data":"\rLoading weights:  25%|██▌       | 72/288 [00:00\u003c00:00, 495.56it/s, Materializing param=layers.6.post_attention_layernorm.weight]\u001b[A\n"}
,{"stream_name":"stderr","time":95.858882595,"data":"\rLoading weights:  25%|██▌       | 72/288 [00:00\u003c00:00, 495.56it/s, Materializing param=layers.6.post_attention_layernorm.weight]\u001b[A\n"}
,{"stream_name":"stderr","time":95.858901561,"data":"\rLoading weights:  25%|██▌       | 73/288 [00:00\u003c00:00, 495.56it/s, Materializing param=layers.6.post_feedforward_layernorm.weight]\u001b[A\n"}
,{"stream_name":"stderr","time":95.858905372,"data":"\rLoading weights:  25%|██▌       | 73/288 [00:00\u003c00:00, 495.56it/s, Materializing param=layers.6.post_feedforward_layernorm.weight]\u001b[A\n"}
,{"stream_name":"stderr","time":95.858908435,"data":"\rLoading weights:  26%|██▌       | 74/288 [00:00\u003c00:00, 495.56it/s, Materializing param=layers.6.pre_feedforward_layernorm.weight] \u001b[A\n"}
,{"stream_name":"stderr","time":95.858935087,"data":"\rLoading weights:  26%|██▌       | 74/288 [00:00\u003c00:00, 495.56it/s, Materializing param=layers.6.pre_feedforward_layernorm.weight]\u001b[A\n"}
,{"stream_name":"stderr","time":95.858940787,"data":"\rLoading weights:  26%|██▌       | 75/288 [00:00\u003c00:00, 495.56it/s, Materializing param=layers.6.self_attn.k_proj.weight]         \u001b[A\n"}
,{"stream_name":"stderr","time":95.858945565,"data":"\rLoading weights:  26%|██▌       | 75/288 [00:00\u003c00:00, 495.56it/s, Materializing param=layers.6.self_attn.k_proj.weight]\u001b[A\n"}
,{"stream_name":"stderr","time":95.85896115,"data":"\rLoading weights:  26%|██▋       | 76/288 [00:00\u003c00:00, 495.56it/s, Materializing param=layers.6.self_attn.o_proj.weight]\u001b[A\n"}
,{"stream_name":"stderr","time":95.858966072,"data":"\rLoading weights:  26%|██▋       | 76/288 [00:00\u003c00:00, 495.56it/s, Materializing param=layers.6.self_attn.o_proj.weight]\u001b[A\n"}
,{"stream_name":"stderr","time":95.858970738,"data":"\rLoading weights:  27%|██▋       | 77/288 [00:00\u003c00:00, 495.56it/s, Materializing param=layers.6.self_attn.q_proj.weight]\u001b[A\n"}
,{"stream_name":"stderr","time":95.858975222,"data":"\rLoading weights:  27%|██▋       | 77/288 [00:00\u003c00:00, 495.56it/s, Materializing param=layers.6.self_attn.q_proj.weight]\u001b[A\n"}
,{"stream_name":"stderr","time":95.859006782,"data":"\rLoading weights:  27%|██▋       | 78/288 [00:00\u003c00:00, 495.56it/s, Materializing param=layers.6.self_attn.v_proj.weight]\u001b[A\n"}
,{"stream_name":"stderr","time":95.859286108,"data":"\rLoading weights:  27%|██▋       | 78/288 [00:00\u003c00:00, 495.56it/s, Materializing param=layers.6.self_attn.v_proj.weight]\u001b[A\n"}
,{"stream_name":"stderr","time":95.859347067,"data":"\rLoading weights:  27%|██▋       | 79/288 [00:00\u003c00:00, 495.56it/s, Materializing param=layers.7.input_layernorm.weight] \u001b[A\n"}
,{"stream_name":"stderr","time":95.859631913,"data":"\rLoading weights:  27%|██▋       | 79/288 [00:00\u003c00:00, 495.56it/s, Materializing param=layers.7.input_layernorm.weight]\u001b[A\n"}
,{"stream_name":"stderr","time":95.859749087,"data":"\rLoading weights:  28%|██▊       | 80/288 [00:00\u003c00:00, 495.56it/s, Materializing param=layers.7.mlp.down_proj.weight]  \u001b[A\n"}
,{"stream_name":"stderr","time":95.860010672,"data":"\rLoading weights:  28%|██▊       | 80/288 [00:00\u003c00:00, 495.56it/s, Materializing param=layers.7.mlp.down_proj.weight]\u001b[A\n"}
,{"stream_name":"stderr","time":95.860104137,"data":"\rLoading weights:  28%|██▊       | 81/288 [00:00\u003c00:00, 495.56it/s, Materializing param=layers.7.mlp.gate_proj.weight]\u001b[A\n"}
,{"stream_name":"stderr","time":95.86035096,"data":"\rLoading weights:  28%|██▊       | 81/288 [00:00\u003c00:00, 495.56it/s, Materializing param=layers.7.mlp.gate_proj.weight]\u001b[A\n"}
,{"stream_name":"stderr","time":95.860465799,"data":"\rLoading weights:  28%|██▊       | 82/288 [00:00\u003c00:00, 495.56it/s, Materializing param=layers.7.mlp.up_proj.weight]  \u001b[A\n"}
,{"stream_name":"stderr","time":95.860780645,"data":"\rLoading weights:  28%|██▊       | 82/288 [00:00\u003c00:00, 495.56it/s, Materializing param=layers.7.mlp.up_proj.weight]\u001b[A\n"}
,{"stream_name":"stderr","time":95.860918468,"data":"\rLoading weights:  29%|██▉       | 83/288 [00:00\u003c00:00, 495.56it/s, Materializing param=layers.7.post_attention_layernorm.weight]\u001b[A\n"}
,{"stream_name":"stderr","time":95.861158036,"data":"\rLoading weights:  29%|██▉       | 83/288 [00:00\u003c00:00, 495.56it/s, Materializing param=layers.7.post_attention_layernorm.weight]\u001b[A\n"}
,{"stream_name":"stderr","time":95.861287941,"data":"\rLoading weights:  29%|██▉       | 84/288 [00:00\u003c00:00, 495.56it/s, Materializing param=layers.7.post_feedforward_layernorm.weight]\u001b[A\n"}
,{"stream_name":"stderr","time":95.861562455,"data":"\rLoading weights:  29%|██▉       | 84/288 [00:00\u003c00:00, 495.56it/s, Materializing param=layers.7.post_feedforward_layernorm.weight]\u001b[A\n"}
,{"stream_name":"stderr","time":95.861686048,"data":"\rLoading weights:  30%|██▉       | 85/288 [00:00\u003c00:00, 495.56it/s, Materializing param=layers.7.pre_feedforward_layernorm.weight] \u001b[A\n"}
,{"stream_name":"stderr","time":95.862042862,"data":"\rLoading weights:  30%|██▉       | 85/288 [00:00\u003c00:00, 495.56it/s, Materializing param=layers.7.pre_feedforward_layernorm.weight]\u001b[A\n"}
,{"stream_name":"stderr","time":95.862122425,"data":"\rLoading weights:  30%|██▉       | 86/288 [00:00\u003c00:00, 495.56it/s, Materializing param=layers.7.self_attn.k_proj.weight]         \u001b[A\n"}
,{"stream_name":"stderr","time":95.862434579,"data":"\rLoading weights:  30%|██▉       | 86/288 [00:00\u003c00:00, 495.56it/s, Materializing param=layers.7.self_attn.k_proj.weight]\u001b[A\n"}
,{"stream_name":"stderr","time":95.862571108,"data":"\rLoading weights:  30%|███       | 87/288 [00:00\u003c00:00, 495.56it/s, Materializing param=layers.7.self_attn.o_proj.weight]\u001b[A\n"}
,{"stream_name":"stderr","time":95.862880575,"data":"\rLoading weights:  30%|███       | 87/288 [00:00\u003c00:00, 495.56it/s, Materializing param=layers.7.self_attn.o_proj.weight]\u001b[A\n"}
,{"stream_name":"stderr","time":95.862983979,"data":"\rLoading weights:  31%|███       | 88/288 [00:00\u003c00:00, 495.56it/s, Materializing param=layers.7.self_attn.q_proj.weight]\u001b[A\n"}
,{"stream_name":"stderr","time":95.863230298,"data":"\rLoading weights:  31%|███       | 88/288 [00:00\u003c00:00, 495.56it/s, Materializing param=layers.7.self_attn.q_proj.weight]\u001b[A\n"}
,{"stream_name":"stderr","time":95.863338692,"data":"\rLoading weights:  31%|███       | 89/288 [00:00\u003c00:00, 495.56it/s, Materializing param=layers.7.self_attn.v_proj.weight]\u001b[A\n"}
,{"stream_name":"stderr","time":95.863597708,"data":"\rLoading weights:  31%|███       | 89/288 [00:00\u003c00:00, 495.56it/s, Materializing param=layers.7.self_attn.v_proj.weight]\u001b[A\n"}
,{"stream_name":"stderr","time":95.863705777,"data":"\rLoading weights:  31%|███▏      | 90/288 [00:00\u003c00:00, 495.56it/s, Materializing param=layers.8.input_layernorm.weight] \u001b[A\n"}
,{"stream_name":"stderr","time":95.863998752,"data":"\rLoading weights:  31%|███▏      | 90/288 [00:00\u003c00:00, 495.56it/s, Materializing param=layers.8.input_layernorm.weight]\u001b[A\n"}
,{"stream_name":"stderr","time":95.864114873,"data":"\rLoading weights:  32%|███▏      | 91/288 [00:00\u003c00:00, 495.56it/s, Materializing param=layers.8.mlp.down_proj.weight]  \u001b[A\n"}
,{"stream_name":"stderr","time":95.864363314,"data":"\rLoading weights:  32%|███▏      | 91/288 [00:00\u003c00:00, 495.56it/s, Materializing param=layers.8.mlp.down_proj.weight]\u001b[A\n"}
,{"stream_name":"stderr","time":95.864492407,"data":"\rLoading weights:  32%|███▏      | 92/288 [00:00\u003c00:00, 495.56it/s, Materializing param=layers.8.mlp.gate_proj.weight]\u001b[A\n"}
,{"stream_name":"stderr","time":95.864779527,"data":"\rLoading weights:  32%|███▏      | 92/288 [00:00\u003c00:00, 495.56it/s, Materializing param=layers.8.mlp.gate_proj.weight]\u001b[A\n"}
,{"stream_name":"stderr","time":95.864921597,"data":"\rLoading weights:  32%|███▏      | 93/288 [00:00\u003c00:00, 495.56it/s, Materializing param=layers.8.mlp.up_proj.weight]  \u001b[A\n"}
,{"stream_name":"stderr","time":95.86523086,"data":"\rLoading weights:  32%|███▏      | 93/288 [00:00\u003c00:00, 495.56it/s, Materializing param=layers.8.mlp.up_proj.weight]\u001b[A\n"}
,{"stream_name":"stderr","time":95.865345334,"data":"\rLoading weights:  33%|███▎      | 94/288 [00:00\u003c00:00, 495.56it/s, Materializing param=layers.8.post_attention_layernorm.weight]\u001b[A\n"}
,{"stream_name":"stderr","time":95.865646994,"data":"\rLoading weights:  33%|███▎      | 94/288 [00:00\u003c00:00, 495.56it/s, Materializing param=layers.8.post_attention_layernorm.weight]\u001b[A\n"}
,{"stream_name":"stderr","time":95.865764598,"data":"\rLoading weights:  33%|███▎      | 95/288 [00:00\u003c00:00, 495.56it/s, Materializing param=layers.8.post_feedforward_layernorm.weight]\u001b[A\n"}
,{"stream_name":"stderr","time":95.866101096,"data":"\rLoading weights:  33%|███▎      | 95/288 [00:00\u003c00:00, 495.56it/s, Materializing param=layers.8.post_feedforward_layernorm.weight]\u001b[A\n"}
,{"stream_name":"stderr","time":95.866163094,"data":"\rLoading weights:  33%|███▎      | 96/288 [00:00\u003c00:00, 495.56it/s, Materializing param=layers.8.pre_feedforward_layernorm.weight] \u001b[A\n"}
,{"stream_name":"stderr","time":95.866453259,"data":"\rLoading weights:  33%|███▎      | 96/288 [00:00\u003c00:00, 495.56it/s, Materializing param=layers.8.pre_feedforward_layernorm.weight]\u001b[A\n"}
,{"stream_name":"stderr","time":95.866607249,"data":"\rLoading weights:  34%|███▎      | 97/288 [00:00\u003c00:00, 495.56it/s, Materializing param=layers.8.self_attn.k_proj.weight]         \u001b[A\n"}
,{"stream_name":"stderr","time":95.866898842,"data":"\rLoading weights:  34%|███▎      | 97/288 [00:00\u003c00:00, 495.56it/s, Materializing param=layers.8.self_attn.k_proj.weight]\u001b[A\n"}
,{"stream_name":"stderr","time":95.866988827,"data":"\rLoading weights:  34%|███▍      | 98/288 [00:00\u003c00:00, 495.56it/s, Materializing param=layers.8.self_attn.o_proj.weight]\u001b[A\n"}
,{"stream_name":"stderr","time":95.867305372,"data":"\rLoading weights:  34%|███▍      | 98/288 [00:00\u003c00:00, 495.56it/s, Materializing param=layers.8.self_attn.o_proj.weight]\u001b[A\n"}
,{"stream_name":"stderr","time":95.867382975,"data":"\rLoading weights:  34%|███▍      | 99/288 [00:00\u003c00:00, 495.56it/s, Materializing param=layers.8.self_attn.q_proj.weight]\u001b[A\n"}
,{"stream_name":"stderr","time":95.867659007,"data":"\rLoading weights:  34%|███▍      | 99/288 [00:00\u003c00:00, 495.56it/s, Materializing param=layers.8.self_attn.q_proj.weight]\u001b[A\n"}
,{"stream_name":"stderr","time":95.867784162,"data":"\rLoading weights:  35%|███▍      | 100/288 [00:00\u003c00:00, 495.56it/s, Materializing param=layers.8.self_attn.v_proj.weight]\u001b[A\n"}
,{"stream_name":"stderr","time":95.868047936,"data":"\rLoading weights:  35%|███▍      | 100/288 [00:00\u003c00:00, 495.56it/s, Materializing param=layers.8.self_attn.v_proj.weight]\u001b[A\n"}
,{"stream_name":"stderr","time":95.868151506,"data":"\rLoading weights:  35%|███▌      | 101/288 [00:00\u003c00:00, 495.56it/s, Materializing param=layers.9.input_layernorm.weight] \u001b[A\n"}
,{"stream_name":"stderr","time":95.868411002,"data":"\rLoading weights:  35%|███▌      | 101/288 [00:00\u003c00:00, 495.56it/s, Materializing param=layers.9.input_layernorm.weight]\u001b[A\n"}
,{"stream_name":"stderr","time":95.868524054,"data":"\rLoading weights:  35%|███▌      | 102/288 [00:00\u003c00:00, 495.56it/s, Materializing param=layers.9.mlp.down_proj.weight]  \u001b[A\n"}
,{"stream_name":"stderr","time":95.868784472,"data":"\rLoading weights:  35%|███▌      | 102/288 [00:00\u003c00:00, 495.56it/s, Materializing param=layers.9.mlp.down_proj.weight]\u001b[A\n"}
,{"stream_name":"stderr","time":95.868881345,"data":"\rLoading weights:  36%|███▌      | 103/288 [00:00\u003c00:00, 495.56it/s, Materializing param=layers.9.mlp.gate_proj.weight]\u001b[A\n"}
,{"stream_name":"stderr","time":95.869117273,"data":"\rLoading weights:  36%|███▌      | 103/288 [00:00\u003c00:00, 495.56it/s, Materializing param=layers.9.mlp.gate_proj.weight]\u001b[A\n"}
,{"stream_name":"stderr","time":95.869186513,"data":"\rLoading weights:  36%|███▌      | 104/288 [00:00\u003c00:00, 495.56it/s, Materializing param=layers.9.mlp.up_proj.weight]  \u001b[A\n"}
,{"stream_name":"stderr","time":95.869475978,"data":"\rLoading weights:  36%|███▌      | 104/288 [00:00\u003c00:00, 495.56it/s, Materializing param=layers.9.mlp.up_proj.weight]\u001b[A\n"}
,{"stream_name":"stderr","time":95.86958183,"data":"\rLoading weights:  36%|███▋      | 105/288 [00:00\u003c00:00, 495.56it/s, Materializing param=layers.9.post_attention_layernorm.weight]\u001b[A\n"}
,{"stream_name":"stderr","time":95.869811457,"data":"\rLoading weights:  36%|███▋      | 105/288 [00:00\u003c00:00, 495.56it/s, Materializing param=layers.9.post_attention_layernorm.weight]\u001b[A\n"}
,{"stream_name":"stderr","time":95.869911819,"data":"\rLoading weights:  37%|███▋      | 106/288 [00:00\u003c00:00, 495.56it/s, Materializing param=layers.9.post_feedforward_layernorm.weight]\u001b[A\n"}
,{"stream_name":"stderr","time":95.870143758,"data":"\rLoading weights:  37%|███▋      | 106/288 [00:00\u003c00:00, 495.56it/s, Materializing param=layers.9.post_feedforward_layernorm.weight]\u001b[A\n"}
,{"stream_name":"stderr","time":95.870242433,"data":"\rLoading weights:  37%|███▋      | 107/288 [00:00\u003c00:00, 495.56it/s, Materializing param=layers.9.pre_feedforward_layernorm.weight] \u001b[A\n"}
,{"stream_name":"stderr","time":95.870485841,"data":"\rLoading weights:  37%|███▋      | 107/288 [00:00\u003c00:00, 495.56it/s, Materializing param=layers.9.pre_feedforward_layernorm.weight]\u001b[A\n"}
,{"stream_name":"stderr","time":95.870589812,"data":"\rLoading weights:  38%|███▊      | 108/288 [00:00\u003c00:00, 495.56it/s, Materializing param=layers.9.self_attn.k_proj.weight]         \u001b[A\n"}
,{"stream_name":"stderr","time":95.870861874,"data":"\rLoading weights:  38%|███▊      | 108/288 [00:00\u003c00:00, 495.56it/s, Materializing param=layers.9.self_attn.k_proj.weight]\u001b[A\n"}
,{"stream_name":"stderr","time":95.870952291,"data":"\rLoading weights:  38%|███▊      | 109/288 [00:00\u003c00:00, 495.56it/s, Materializing param=layers.9.self_attn.o_proj.weight]\u001b[A\n"}
,{"stream_name":"stderr","time":95.871187674,"data":"\rLoading weights:  38%|███▊      | 109/288 [00:00\u003c00:00, 495.56it/s, Materializing param=layers.9.self_attn.o_proj.weight]\u001b[A\n"}
,{"stream_name":"stderr","time":95.871333992,"data":"\rLoading weights:  38%|███▊      | 110/288 [00:00\u003c00:00, 495.56it/s, Materializing param=layers.9.self_attn.q_proj.weight]\u001b[A\n"}
,{"stream_name":"stderr","time":95.871581239,"data":"\rLoading weights:  38%|███▊      | 110/288 [00:00\u003c00:00, 495.56it/s, Materializing param=layers.9.self_attn.q_proj.weight]\u001b[A\n"}
,{"stream_name":"stderr","time":95.871677287,"data":"\rLoading weights:  39%|███▊      | 111/288 [00:00\u003c00:00, 495.56it/s, Materializing param=layers.9.self_attn.v_proj.weight]\u001b[A\n"}
,{"stream_name":"stderr","time":95.871957245,"data":"\rLoading weights:  39%|███▊      | 111/288 [00:00\u003c00:00, 495.56it/s, Materializing param=layers.9.self_attn.v_proj.weight]\u001b[A\n"}
,{"stream_name":"stderr","time":95.87207633,"data":"\rLoading weights:  39%|███▉      | 112/288 [00:00\u003c00:00, 495.56it/s, Materializing param=layers.10.input_layernorm.weight]\u001b[A\n"}
,{"stream_name":"stderr","time":95.872288954,"data":"\rLoading weights:  39%|███▉      | 112/288 [00:00\u003c00:00, 495.56it/s, Materializing param=layers.10.input_layernorm.weight]\u001b[A\n"}
,{"stream_name":"stderr","time":95.872389149,"data":"\rLoading weights:  39%|███▉      | 113/288 [00:00\u003c00:00, 495.56it/s, Materializing param=layers.10.mlp.down_proj.weight]  \u001b[A\n"}
,{"stream_name":"stderr","time":95.872649146,"data":"\rLoading weights:  39%|███▉      | 113/288 [00:00\u003c00:00, 495.56it/s, Materializing param=layers.10.mlp.down_proj.weight]\u001b[A\n"}
,{"stream_name":"stderr","time":95.872778538,"data":"\rLoading weights:  40%|███▉      | 114/288 [00:00\u003c00:00, 495.56it/s, Materializing param=layers.10.mlp.gate_proj.weight]\u001b[A\n"}
,{"stream_name":"stderr","time":95.873019438,"data":"\rLoading weights:  40%|███▉      | 114/288 [00:00\u003c00:00, 495.56it/s, Materializing param=layers.10.mlp.gate_proj.weight]\u001b[A\n"}
,{"stream_name":"stderr","time":95.873127906,"data":"\rLoading weights:  40%|███▉      | 115/288 [00:00\u003c00:00, 495.56it/s, Materializing param=layers.10.mlp.up_proj.weight]  \u001b[A\n"}
,{"stream_name":"stderr","time":95.873414848,"data":"\rLoading weights:  40%|███▉      | 115/288 [00:00\u003c00:00, 495.56it/s, Materializing param=layers.10.mlp.up_proj.weight]\u001b[A\n"}
,{"stream_name":"stderr","time":95.873519598,"data":"\rLoading weights:  40%|████      | 116/288 [00:00\u003c00:00, 495.56it/s, Materializing param=layers.10.post_attention_layernorm.weight]\u001b[A\n"}
,{"stream_name":"stderr","time":95.873829711,"data":"\rLoading weights:  40%|████      | 116/288 [00:00\u003c00:00, 495.56it/s, Materializing param=layers.10.post_attention_layernorm.weight]\u001b[A\n"}
,{"stream_name":"stderr","time":95.873978813,"data":"\rLoading weights:  41%|████      | 117/288 [00:00\u003c00:00, 495.56it/s, Materializing param=layers.10.post_feedforward_layernorm.weight]\u001b[A\n"}
,{"stream_name":"stderr","time":95.87419032,"data":"\rLoading weights:  41%|████      | 117/288 [00:00\u003c00:00, 495.56it/s, Materializing param=layers.10.post_feedforward_layernorm.weight]\u001b[A\n"}
,{"stream_name":"stderr","time":95.874324069,"data":"\rLoading weights:  41%|████      | 118/288 [00:00\u003c00:00, 495.56it/s, Materializing param=layers.10.pre_feedforward_layernorm.weight] \u001b[A\n"}
,{"stream_name":"stderr","time":95.874585274,"data":"\rLoading weights:  41%|████      | 118/288 [00:00\u003c00:00, 495.56it/s, Materializing param=layers.10.pre_feedforward_layernorm.weight]\u001b[A\n"}
,{"stream_name":"stderr","time":95.874863665,"data":"\rLoading weights:  41%|████▏     | 119/288 [00:00\u003c00:00, 495.56it/s, Materializing param=layers.10.self_attn.k_proj.weight]         \u001b[A\n"}
,{"stream_name":"stderr","time":95.875332725,"data":"\rLoading weights:  41%|████▏     | 119/288 [00:00\u003c00:00, 495.56it/s, Materializing param=layers.10.self_attn.k_proj.weight]\u001b[A\n"}
,{"stream_name":"stderr","time":95.87548764,"data":"\rLoading weights:  42%|████▏     | 120/288 [00:00\u003c00:00, 495.56it/s, Materializing param=layers.10.self_attn.o_proj.weight]\u001b[A\n"}
,{"stream_name":"stderr","time":95.875779027,"data":"\rLoading weights:  42%|████▏     | 120/288 [00:00\u003c00:00, 495.56it/s, Materializing param=layers.10.self_attn.o_proj.weight]\u001b[A\n"}
,{"stream_name":"stderr","time":95.875918907,"data":"\rLoading weights:  42%|████▏     | 121/288 [00:00\u003c00:00, 495.56it/s, Materializing param=layers.10.self_attn.q_proj.weight]\u001b[A\n"}
,{"stream_name":"stderr","time":95.876188943,"data":"\rLoading weights:  42%|████▏     | 121/288 [00:00\u003c00:00, 495.56it/s, Materializing param=layers.10.self_attn.q_proj.weight]\u001b[A\n"}
,{"stream_name":"stderr","time":95.876295956,"data":"\rLoading weights:  42%|████▏     | 122/288 [00:00\u003c00:00, 495.56it/s, Materializing param=layers.10.self_attn.v_proj.weight]\u001b[A\n"}
,{"stream_name":"stderr","time":95.876523996,"data":"\rLoading weights:  42%|████▏     | 122/288 [00:00\u003c00:00, 495.56it/s, Materializing param=layers.10.self_attn.v_proj.weight]\u001b[A\n"}
,{"stream_name":"stderr","time":95.876622593,"data":"\rLoading weights:  43%|████▎     | 123/288 [00:00\u003c00:00, 495.56it/s, Materializing param=layers.11.input_layernorm.weight] \u001b[A\n"}
,{"stream_name":"stderr","time":95.876904746,"data":"\rLoading weights:  43%|████▎     | 123/288 [00:00\u003c00:00, 495.56it/s, Materializing param=layers.11.input_layernorm.weight]\u001b[A\n"}
,{"stream_name":"stderr","time":95.877011464,"data":"\rLoading weights:  43%|████▎     | 124/288 [00:00\u003c00:00, 495.56it/s, Materializing param=layers.11.mlp.down_proj.weight]  \u001b[A\n"}
,{"stream_name":"stderr","time":95.877279778,"data":"\rLoading weights:  43%|████▎     | 124/288 [00:00\u003c00:00, 495.56it/s, Materializing param=layers.11.mlp.down_proj.weight]\u001b[A\n"}
,{"stream_name":"stderr","time":95.877392753,"data":"\rLoading weights:  43%|████▎     | 125/288 [00:00\u003c00:00, 495.56it/s, Materializing param=layers.11.mlp.gate_proj.weight]\u001b[A\n"}
,{"stream_name":"stderr","time":95.877678952,"data":"\rLoading weights:  43%|████▎     | 125/288 [00:00\u003c00:00, 495.56it/s, Materializing param=layers.11.mlp.gate_proj.weight]\u001b[A\n"}
,{"stream_name":"stderr","time":95.877813452,"data":"\rLoading weights:  44%|████▍     | 126/288 [00:00\u003c00:00, 495.56it/s, Materializing param=layers.11.mlp.up_proj.weight]  \u001b[A\n"}
,{"stream_name":"stderr","time":95.878118653,"data":"\rLoading weights:  44%|████▍     | 126/288 [00:00\u003c00:00, 495.56it/s, Materializing param=layers.11.mlp.up_proj.weight]\u001b[A\n"}
,{"stream_name":"stderr","time":95.878215032,"data":"\rLoading weights:  44%|████▍     | 127/288 [00:00\u003c00:00, 495.56it/s, Materializing param=layers.11.post_attention_layernorm.weight]\u001b[A\n"}
,{"stream_name":"stderr","time":95.878536465,"data":"\rLoading weights:  44%|████▍     | 127/288 [00:00\u003c00:00, 495.56it/s, Materializing param=layers.11.post_attention_layernorm.weight]\u001b[A\n"}
,{"stream_name":"stderr","time":95.878608035,"data":"\rLoading weights:  44%|████▍     | 128/288 [00:00\u003c00:00, 495.56it/s, Materializing param=layers.11.post_feedforward_layernorm.weight]\u001b[A\n"}
,{"stream_name":"stderr","time":95.878869913,"data":"\rLoading weights:  44%|████▍     | 128/288 [00:00\u003c00:00, 495.56it/s, Materializing param=layers.11.post_feedforward_layernorm.weight]\u001b[A\n"}
,{"stream_name":"stderr","time":95.87897442,"data":"\rLoading weights:  45%|████▍     | 129/288 [00:00\u003c00:00, 495.56it/s, Materializing param=layers.11.pre_feedforward_layernorm.weight] \u001b[A\n"}
,{"stream_name":"stderr","time":95.879205703,"data":"\rLoading weights:  45%|████▍     | 129/288 [00:00\u003c00:00, 495.56it/s, Materializing param=layers.11.pre_feedforward_layernorm.weight]\u001b[A\n"}
,{"stream_name":"stderr","time":95.879307451,"data":"\rLoading weights:  45%|████▌     | 130/288 [00:00\u003c00:00, 495.56it/s, Materializing param=layers.11.self_attn.k_proj.weight]         \u001b[A\n"}
,{"stream_name":"stderr","time":95.879557743,"data":"\rLoading weights:  45%|████▌     | 130/288 [00:00\u003c00:00, 495.56it/s, Materializing param=layers.11.self_attn.k_proj.weight]\u001b[A\n"}
,{"stream_name":"stderr","time":95.879689405,"data":"\rLoading weights:  45%|████▌     | 131/288 [00:00\u003c00:00, 495.56it/s, Materializing param=layers.11.self_attn.o_proj.weight]\u001b[A\n"}
,{"stream_name":"stderr","time":95.879949562,"data":"\rLoading weights:  45%|████▌     | 131/288 [00:00\u003c00:00, 495.56it/s, Materializing param=layers.11.self_attn.o_proj.weight]\u001b[A\n"}
,{"stream_name":"stderr","time":95.88003988,"data":"\rLoading weights:  46%|████▌     | 132/288 [00:00\u003c00:00, 495.56it/s, Materializing param=layers.11.self_attn.q_proj.weight]\u001b[A\n"}
,{"stream_name":"stderr","time":95.8803009,"data":"\rLoading weights:  46%|████▌     | 132/288 [00:00\u003c00:00, 495.56it/s, Materializing param=layers.11.self_attn.q_proj.weight]\u001b[A\n"}
,{"stream_name":"stderr","time":95.880403185,"data":"\rLoading weights:  46%|████▌     | 133/288 [00:00\u003c00:00, 495.56it/s, Materializing param=layers.11.self_attn.v_proj.weight]\u001b[A\n"}
,{"stream_name":"stderr","time":95.880653581,"data":"\rLoading weights:  46%|████▌     | 133/288 [00:00\u003c00:00, 495.56it/s, Materializing param=layers.11.self_attn.v_proj.weight]\u001b[A\n"}
,{"stream_name":"stderr","time":95.880745116,"data":"\rLoading weights:  47%|████▋     | 134/288 [00:00\u003c00:00, 495.56it/s, Materializing param=layers.12.input_layernorm.weight] \u001b[A\n"}
,{"stream_name":"stderr","time":95.881031715,"data":"\rLoading weights:  47%|████▋     | 134/288 [00:00\u003c00:00, 495.56it/s, Materializing param=layers.12.input_layernorm.weight]\u001b[A\n"}
,{"stream_name":"stderr","time":95.881155355,"data":"\rLoading weights:  47%|████▋     | 135/288 [00:00\u003c00:00, 495.56it/s, Materializing param=layers.12.mlp.down_proj.weight]  \u001b[A\n"}
,{"stream_name":"stderr","time":95.881384572,"data":"\rLoading weights:  47%|████▋     | 135/288 [00:00\u003c00:00, 495.56it/s, Materializing param=layers.12.mlp.down_proj.weight]\u001b[A\n"}
,{"stream_name":"stderr","time":95.881492597,"data":"\rLoading weights:  47%|████▋     | 136/288 [00:00\u003c00:00, 495.56it/s, Materializing param=layers.12.mlp.gate_proj.weight]\u001b[A\n"}
,{"stream_name":"stderr","time":95.881725554,"data":"\rLoading weights:  47%|████▋     | 136/288 [00:00\u003c00:00, 495.56it/s, Materializing param=layers.12.mlp.gate_proj.weight]\u001b[A\n"}
,{"stream_name":"stderr","time":95.881855865,"data":"\rLoading weights:  48%|████▊     | 137/288 [00:00\u003c00:00, 495.56it/s, Materializing param=layers.12.mlp.up_proj.weight]  \u001b[A\n"}
,{"stream_name":"stderr","time":95.882092089,"data":"\rLoading weights:  48%|████▊     | 137/288 [00:00\u003c00:00, 495.56it/s, Materializing param=layers.12.mlp.up_proj.weight]\u001b[A\n"}
,{"stream_name":"stderr","time":95.882202574,"data":"\rLoading weights:  48%|████▊     | 138/288 [00:00\u003c00:00, 495.56it/s, Materializing param=layers.12.post_attention_layernorm.weight]\u001b[A\n"}
,{"stream_name":"stderr","time":95.882502125,"data":"\rLoading weights:  48%|████▊     | 138/288 [00:00\u003c00:00, 495.56it/s, Materializing param=layers.12.post_attention_layernorm.weight]\u001b[A\n"}
,{"stream_name":"stderr","time":95.882622208,"data":"\rLoading weights:  48%|████▊     | 139/288 [00:00\u003c00:00, 495.56it/s, Materializing param=layers.12.post_feedforward_layernorm.weight]\u001b[A\n"}
,{"stream_name":"stderr","time":95.882904399,"data":"\rLoading weights:  48%|████▊     | 139/288 [00:00\u003c00:00, 495.56it/s, Materializing param=layers.12.post_feedforward_layernorm.weight]\u001b[A\n"}
,{"stream_name":"stderr","time":95.883044465,"data":"\rLoading weights:  49%|████▊     | 140/288 [00:00\u003c00:00, 495.56it/s, Materializing param=layers.12.pre_feedforward_layernorm.weight] \u001b[A\n"}
,{"stream_name":"stderr","time":95.883318532,"data":"\rLoading weights:  49%|████▊     | 140/288 [00:00\u003c00:00, 495.56it/s, Materializing param=layers.12.pre_feedforward_layernorm.weight]\u001b[A\n"}
,{"stream_name":"stderr","time":95.883395185,"data":"\rLoading weights:  49%|████▉     | 141/288 [00:00\u003c00:00, 495.56it/s, Materializing param=layers.12.self_attn.k_proj.weight]         \u001b[A\n"}
,{"stream_name":"stderr","time":95.88366463,"data":"\rLoading weights:  49%|████▉     | 141/288 [00:00\u003c00:00, 495.56it/s, Materializing param=layers.12.self_attn.k_proj.weight]\u001b[A\n"}
,{"stream_name":"stderr","time":95.88378366,"data":"\rLoading weights:  49%|████▉     | 142/288 [00:00\u003c00:00, 495.56it/s, Materializing param=layers.12.self_attn.o_proj.weight]\u001b[A\n"}
,{"stream_name":"stderr","time":95.884043845,"data":"\rLoading weights:  49%|████▉     | 142/288 [00:00\u003c00:00, 495.56it/s, Materializing param=layers.12.self_attn.o_proj.weight]\u001b[A\n"}
,{"stream_name":"stderr","time":95.884167374,"data":"\rLoading weights:  50%|████▉     | 143/288 [00:00\u003c00:00, 495.56it/s, Materializing param=layers.12.self_attn.q_proj.weight]\u001b[A\n"}
,{"stream_name":"stderr","time":95.88449505,"data":"\rLoading weights:  50%|████▉     | 143/288 [00:00\u003c00:00, 495.56it/s, Materializing param=layers.12.self_attn.q_proj.weight]\u001b[A\n"}
,{"stream_name":"stderr","time":95.884566093,"data":"\rLoading weights:  50%|█████     | 144/288 [00:00\u003c00:00, 495.56it/s, Materializing param=layers.12.self_attn.v_proj.weight]\u001b[A\n"}
,{"stream_name":"stderr","time":95.884918495,"data":"\rLoading weights:  50%|█████     | 144/288 [00:00\u003c00:00, 495.56it/s, Materializing param=layers.12.self_attn.v_proj.weight]\u001b[A\n"}
,{"stream_name":"stderr","time":95.885121072,"data":"\rLoading weights:  50%|█████     | 145/288 [00:00\u003c00:00, 495.56it/s, Materializing param=layers.13.input_layernorm.weight] \u001b[A\n"}
,{"stream_name":"stderr","time":95.885460859,"data":"\rLoading weights:  50%|█████     | 145/288 [00:00\u003c00:00, 495.56it/s, Materializing param=layers.13.input_layernorm.weight]\u001b[A\n"}
,{"stream_name":"stderr","time":95.885577943,"data":"\rLoading weights:  51%|█████     | 146/288 [00:00\u003c00:00, 495.56it/s, Materializing param=layers.13.mlp.down_proj.weight]  \u001b[A\n"}
,{"stream_name":"stderr","time":95.885885007,"data":"\rLoading weights:  51%|█████     | 146/288 [00:00\u003c00:00, 495.56it/s, Materializing param=layers.13.mlp.down_proj.weight]\u001b[A\n"}
,{"stream_name":"stderr","time":95.886031576,"data":"\rLoading weights:  51%|█████     | 147/288 [00:00\u003c00:00, 495.56it/s, Materializing param=layers.13.mlp.gate_proj.weight]\u001b[A\n"}
,{"stream_name":"stderr","time":95.886308921,"data":"\rLoading weights:  51%|█████     | 147/288 [00:00\u003c00:00, 495.56it/s, Materializing param=layers.13.mlp.gate_proj.weight]\u001b[A\n"}
,{"stream_name":"stderr","time":95.886421903,"data":"\rLoading weights:  51%|█████▏    | 148/288 [00:00\u003c00:00, 495.56it/s, Materializing param=layers.13.mlp.up_proj.weight]  \u001b[A\n"}
,{"stream_name":"stderr","time":95.886690518,"data":"\rLoading weights:  51%|█████▏    | 148/288 [00:00\u003c00:00, 495.56it/s, Materializing param=layers.13.mlp.up_proj.weight]\u001b[A\n"}
,{"stream_name":"stderr","time":95.886800187,"data":"\rLoading weights:  52%|█████▏    | 149/288 [00:00\u003c00:00, 495.56it/s, Materializing param=layers.13.post_attention_layernorm.weight]\u001b[A\n"}
,{"stream_name":"stderr","time":95.887053209,"data":"\rLoading weights:  52%|█████▏    | 149/288 [00:00\u003c00:00, 495.56it/s, Materializing param=layers.13.post_attention_layernorm.weight]\u001b[A\n"}
,{"stream_name":"stderr","time":95.887183433,"data":"\rLoading weights:  52%|█████▏    | 150/288 [00:00\u003c00:00, 495.56it/s, Materializing param=layers.13.post_feedforward_layernorm.weight]\u001b[A\n"}
,{"stream_name":"stderr","time":95.887457483,"data":"\rLoading weights:  52%|█████▏    | 150/288 [00:00\u003c00:00, 495.56it/s, Materializing param=layers.13.post_feedforward_layernorm.weight]\u001b[A\n"}
,{"stream_name":"stderr","time":95.887589016,"data":"\rLoading weights:  52%|█████▏    | 151/288 [00:00\u003c00:00, 495.56it/s, Materializing param=layers.13.pre_feedforward_layernorm.weight] \u001b[A\n"}
,{"stream_name":"stderr","time":95.887882238,"data":"\rLoading weights:  52%|█████▏    | 151/288 [00:00\u003c00:00, 495.56it/s, Materializing param=layers.13.pre_feedforward_layernorm.weight]\u001b[A\n"}
,{"stream_name":"stderr","time":95.887988349,"data":"\rLoading weights:  53%|█████▎    | 152/288 [00:00\u003c00:00, 495.56it/s, Materializing param=layers.13.self_attn.k_proj.weight]         \u001b[A\n"}
,{"stream_name":"stderr","time":95.888260054,"data":"\rLoading weights:  53%|█████▎    | 152/288 [00:00\u003c00:00, 495.56it/s, Materializing param=layers.13.self_attn.k_proj.weight]\u001b[A\n"}
,{"stream_name":"stderr","time":95.888403808,"data":"\rLoading weights:  53%|█████▎    | 153/288 [00:00\u003c00:00, 495.56it/s, Materializing param=layers.13.self_attn.o_proj.weight]\u001b[A\n"}
,{"stream_name":"stderr","time":95.888630669,"data":"\rLoading weights:  53%|█████▎    | 153/288 [00:00\u003c00:00, 495.56it/s, Materializing param=layers.13.self_attn.o_proj.weight]\u001b[A\n"}
,{"stream_name":"stderr","time":95.888769378,"data":"\rLoading weights:  53%|█████▎    | 154/288 [00:00\u003c00:00, 495.56it/s, Materializing param=layers.13.self_attn.q_proj.weight]\u001b[A\n"}
,{"stream_name":"stderr","time":95.889084785,"data":"\rLoading weights:  53%|█████▎    | 154/288 [00:00\u003c00:00, 495.56it/s, Materializing param=layers.13.self_attn.q_proj.weight]\u001b[A\n"}
,{"stream_name":"stderr","time":95.889352807,"data":"\rLoading weights:  54%|█████▍    | 155/288 [00:00\u003c00:00, 495.56it/s, Materializing param=layers.13.self_attn.v_proj.weight]\u001b[A\n"}
,{"stream_name":"stderr","time":95.889420881,"data":"\rLoading weights:  54%|█████▍    | 155/288 [00:00\u003c00:00, 495.56it/s, Materializing param=layers.13.self_attn.v_proj.weight]\u001b[A\n"}
,{"stream_name":"stderr","time":95.889554658,"data":"\rLoading weights:  54%|█████▍    | 156/288 [00:00\u003c00:00, 495.56it/s, Materializing param=layers.14.input_layernorm.weight] \u001b[A\n"}
,{"stream_name":"stderr","time":95.889825563,"data":"\rLoading weights:  54%|█████▍    | 156/288 [00:00\u003c00:00, 495.56it/s, Materializing param=layers.14.input_layernorm.weight]\u001b[A\n"}
,{"stream_name":"stderr","time":95.88992398,"data":"\rLoading weights:  55%|█████▍    | 157/288 [00:00\u003c00:00, 495.56it/s, Materializing param=layers.14.mlp.down_proj.weight]  \u001b[A\n"}
,{"stream_name":"stderr","time":95.890176119,"data":"\rLoading weights:  55%|█████▍    | 157/288 [00:00\u003c00:00, 495.56it/s, Materializing param=layers.14.mlp.down_proj.weight]\u001b[A\n"}
,{"stream_name":"stderr","time":95.890307441,"data":"\rLoading weights:  55%|█████▍    | 158/288 [00:00\u003c00:00, 495.56it/s, Materializing param=layers.14.mlp.gate_proj.weight]\u001b[A\n"}
,{"stream_name":"stderr","time":95.890594495,"data":"\rLoading weights:  55%|█████▍    | 158/288 [00:00\u003c00:00, 495.56it/s, Materializing param=layers.14.mlp.gate_proj.weight]\u001b[A\n"}
,{"stream_name":"stderr","time":95.890683967,"data":"\rLoading weights:  55%|█████▌    | 159/288 [00:00\u003c00:00, 495.56it/s, Materializing param=layers.14.mlp.up_proj.weight]  \u001b[A\n"}
,{"stream_name":"stderr","time":95.890939576,"data":"\rLoading weights:  55%|█████▌    | 159/288 [00:00\u003c00:00, 495.56it/s, Materializing param=layers.14.mlp.up_proj.weight]\u001b[A\n"}
,{"stream_name":"stderr","time":95.891051599,"data":"\rLoading weights:  56%|█████▌    | 160/288 [00:00\u003c00:00, 495.56it/s, Materializing param=layers.14.post_attention_layernorm.weight]\u001b[A\n"}
,{"stream_name":"stderr","time":95.891329372,"data":"\rLoading weights:  56%|█████▌    | 160/288 [00:00\u003c00:00, 495.56it/s, Materializing param=layers.14.post_attention_layernorm.weight]\u001b[A\n"}
,{"stream_name":"stderr","time":95.891435354,"data":"\rLoading weights:  56%|█████▌    | 161/288 [00:00\u003c00:00, 495.56it/s, Materializing param=layers.14.post_feedforward_layernorm.weight]\u001b[A\n"}
,{"stream_name":"stderr","time":95.891711525,"data":"\rLoading weights:  56%|█████▌    | 161/288 [00:00\u003c00:00, 495.56it/s, Materializing param=layers.14.post_feedforward_layernorm.weight]\u001b[A\n"}
,{"stream_name":"stderr","time":95.891816353,"data":"\rLoading weights:  56%|█████▋    | 162/288 [00:00\u003c00:00, 495.56it/s, Materializing param=layers.14.pre_feedforward_layernorm.weight] \u001b[A\n"}
,{"stream_name":"stderr","time":95.892077526,"data":"\rLoading weights:  56%|█████▋    | 162/288 [00:00\u003c00:00, 495.56it/s, Materializing param=layers.14.pre_feedforward_layernorm.weight]\u001b[A\n"}
,{"stream_name":"stderr","time":95.892183985,"data":"\rLoading weights:  57%|█████▋    | 163/288 [00:00\u003c00:00, 495.56it/s, Materializing param=layers.14.self_attn.k_proj.weight]         \u001b[A\n"}
,{"stream_name":"stderr","time":95.892509593,"data":"\rLoading weights:  57%|█████▋    | 163/288 [00:00\u003c00:00, 495.56it/s, Materializing param=layers.14.self_attn.k_proj.weight]\u001b[A\n"}
,{"stream_name":"stderr","time":95.892571505,"data":"\rLoading weights:  57%|█████▋    | 164/288 [00:00\u003c00:00, 495.56it/s, Materializing param=layers.14.self_attn.o_proj.weight]\u001b[A\n"}
,{"stream_name":"stderr","time":95.892881349,"data":"\rLoading weights:  57%|█████▋    | 164/288 [00:00\u003c00:00, 495.56it/s, Materializing param=layers.14.self_attn.o_proj.weight]\u001b[A\n"}
,{"stream_name":"stderr","time":95.892969086,"data":"\rLoading weights:  57%|█████▋    | 165/288 [00:00\u003c00:00, 495.56it/s, Materializing param=layers.14.self_attn.q_proj.weight]\u001b[A\n"}
,{"stream_name":"stderr","time":95.893279931,"data":"\rLoading weights:  57%|█████▋    | 165/288 [00:00\u003c00:00, 495.56it/s, Materializing param=layers.14.self_attn.q_proj.weight]\u001b[A\n"}
,{"stream_name":"stderr","time":95.89337734,"data":"\rLoading weights:  58%|█████▊    | 166/288 [00:00\u003c00:00, 495.56it/s, Materializing param=layers.14.self_attn.v_proj.weight]\u001b[A\n"}
,{"stream_name":"stderr","time":95.893633755,"data":"\rLoading weights:  58%|█████▊    | 166/288 [00:00\u003c00:00, 495.56it/s, Materializing param=layers.14.self_attn.v_proj.weight]\u001b[A\n"}
,{"stream_name":"stderr","time":95.893760585,"data":"\rLoading weights:  58%|█████▊    | 167/288 [00:00\u003c00:00, 495.56it/s, Materializing param=layers.15.input_layernorm.weight] \u001b[A\n"}
,{"stream_name":"stderr","time":95.894093045,"data":"\rLoading weights:  58%|█████▊    | 167/288 [00:00\u003c00:00, 495.56it/s, Materializing param=layers.15.input_layernorm.weight]\u001b[A\n"}
,{"stream_name":"stderr","time":95.894166986,"data":"\rLoading weights:  58%|█████▊    | 168/288 [00:00\u003c00:00, 495.56it/s, Materializing param=layers.15.mlp.down_proj.weight]  \u001b[A\n"}
,{"stream_name":"stderr","time":95.894450979,"data":"\rLoading weights:  58%|█████▊    | 168/288 [00:00\u003c00:00, 495.56it/s, Materializing param=layers.15.mlp.down_proj.weight]\u001b[A\n"}
,{"stream_name":"stderr","time":95.894562546,"data":"\rLoading weights:  59%|█████▊    | 169/288 [00:00\u003c00:00, 495.56it/s, Materializing param=layers.15.mlp.gate_proj.weight]\u001b[A\n"}
,{"stream_name":"stderr","time":95.894882088,"data":"\rLoading weights:  59%|█████▊    | 169/288 [00:00\u003c00:00, 495.56it/s, Materializing param=layers.15.mlp.gate_proj.weight]\u001b[A\n"}
,{"stream_name":"stderr","time":95.894975816,"data":"\rLoading weights:  59%|█████▉    | 170/288 [00:00\u003c00:00, 495.56it/s, Materializing param=layers.15.mlp.up_proj.weight]  \u001b[A\n"}
,{"stream_name":"stderr","time":95.895257278,"data":"\rLoading weights:  59%|█████▉    | 170/288 [00:00\u003c00:00, 495.56it/s, Materializing param=layers.15.mlp.up_proj.weight]\u001b[A\n"}
,{"stream_name":"stderr","time":95.895361858,"data":"\rLoading weights:  59%|█████▉    | 171/288 [00:00\u003c00:00, 495.56it/s, Materializing param=layers.15.post_attention_layernorm.weight]\u001b[A\n"}
,{"stream_name":"stderr","time":95.895608474,"data":"\rLoading weights:  59%|█████▉    | 171/288 [00:00\u003c00:00, 495.56it/s, Materializing param=layers.15.post_attention_layernorm.weight]\u001b[A\n"}
,{"stream_name":"stderr","time":95.895720697,"data":"\rLoading weights:  60%|█████▉    | 172/288 [00:00\u003c00:00, 495.56it/s, Materializing param=layers.15.post_feedforward_layernorm.weight]\u001b[A\n"}
,{"stream_name":"stderr","time":95.89598308,"data":"\rLoading weights:  60%|█████▉    | 172/288 [00:00\u003c00:00, 495.56it/s, Materializing param=layers.15.post_feedforward_layernorm.weight]\u001b[A\n"}
,{"stream_name":"stderr","time":95.896115197,"data":"\rLoading weights:  60%|██████    | 173/288 [00:00\u003c00:00, 495.56it/s, Materializing param=layers.15.pre_feedforward_layernorm.weight] \u001b[A\n"}
,{"stream_name":"stderr","time":95.896390614,"data":"\rLoading weights:  60%|██████    | 173/288 [00:00\u003c00:00, 495.56it/s, Materializing param=layers.15.pre_feedforward_layernorm.weight]\u001b[A\n"}
,{"stream_name":"stderr","time":95.896504513,"data":"\rLoading weights:  60%|██████    | 174/288 [00:00\u003c00:00, 495.56it/s, Materializing param=layers.15.self_attn.k_proj.weight]         \u001b[A\n"}
,{"stream_name":"stderr","time":95.896784588,"data":"\rLoading weights:  60%|██████    | 174/288 [00:00\u003c00:00, 495.56it/s, Materializing param=layers.15.self_attn.k_proj.weight]\u001b[A\n"}
,{"stream_name":"stderr","time":95.896897687,"data":"\rLoading weights:  61%|██████    | 175/288 [00:00\u003c00:00, 495.56it/s, Materializing param=layers.15.self_attn.o_proj.weight]\u001b[A\n"}
,{"stream_name":"stderr","time":95.897267984,"data":"\rLoading weights:  61%|██████    | 175/288 [00:00\u003c00:00, 495.56it/s, Materializing param=layers.15.self_attn.o_proj.weight]\u001b[A\n"}
,{"stream_name":"stderr","time":95.897415705,"data":"\rLoading weights:  61%|██████    | 176/288 [00:00\u003c00:00, 495.56it/s, Materializing param=layers.15.self_attn.q_proj.weight]\u001b[A\n"}
,{"stream_name":"stderr","time":95.897715424,"data":"\rLoading weights:  61%|██████    | 176/288 [00:00\u003c00:00, 495.56it/s, Materializing param=layers.15.self_attn.q_proj.weight]\u001b[A\n"}
,{"stream_name":"stderr","time":95.897826049,"data":"\rLoading weights:  61%|██████▏   | 177/288 [00:00\u003c00:00, 495.56it/s, Materializing param=layers.15.self_attn.v_proj.weight]\u001b[A\n"}
,{"stream_name":"stderr","time":95.89822097,"data":"\rLoading weights:  61%|██████▏   | 177/288 [00:00\u003c00:00, 495.56it/s, Materializing param=layers.15.self_attn.v_proj.weight]\u001b[A\n"}
,{"stream_name":"stderr","time":95.898235824,"data":"\rLoading weights:  62%|██████▏   | 178/288 [00:00\u003c00:00, 495.56it/s, Materializing param=layers.16.input_layernorm.weight] \u001b[A\n"}
,{"stream_name":"stderr","time":95.898544252,"data":"\rLoading weights:  62%|██████▏   | 178/288 [00:00\u003c00:00, 495.56it/s, Materializing param=layers.16.input_layernorm.weight]\u001b[A\n"}
,{"stream_name":"stderr","time":95.89863348,"data":"\rLoading weights:  62%|██████▏   | 179/288 [00:00\u003c00:00, 495.56it/s, Materializing param=layers.16.mlp.down_proj.weight]  \u001b[A\n"}
,{"stream_name":"stderr","time":95.898904826,"data":"\rLoading weights:  62%|██████▏   | 179/288 [00:00\u003c00:00, 495.56it/s, Materializing param=layers.16.mlp.down_proj.weight]\u001b[A\n"}
,{"stream_name":"stderr","time":95.899039147,"data":"\rLoading weights:  62%|██████▎   | 180/288 [00:00\u003c00:00, 495.56it/s, Materializing param=layers.16.mlp.gate_proj.weight]\u001b[A\n"}
,{"stream_name":"stderr","time":95.899438766,"data":"\rLoading weights:  62%|██████▎   | 180/288 [00:00\u003c00:00, 495.56it/s, Materializing param=layers.16.mlp.gate_proj.weight]\u001b[A\n"}
,{"stream_name":"stderr","time":95.899454392,"data":"\rLoading weights:  63%|██████▎   | 181/288 [00:00\u003c00:00, 495.56it/s, Materializing param=layers.16.mlp.up_proj.weight]  \u001b[A\n"}
,{"stream_name":"stderr","time":95.899683381,"data":"\rLoading weights:  63%|██████▎   | 181/288 [00:00\u003c00:00, 495.56it/s, Materializing param=layers.16.mlp.up_proj.weight]\u001b[A\n"}
,{"stream_name":"stderr","time":95.899830337,"data":"\rLoading weights:  63%|██████▎   | 182/288 [00:00\u003c00:00, 495.56it/s, Materializing param=layers.16.post_attention_layernorm.weight]\u001b[A\n"}
,{"stream_name":"stderr","time":95.900076788,"data":"\rLoading weights:  63%|██████▎   | 182/288 [00:00\u003c00:00, 495.56it/s, Materializing param=layers.16.post_attention_layernorm.weight]\u001b[A\n"}
,{"stream_name":"stderr","time":95.900193733,"data":"\rLoading weights:  64%|██████▎   | 183/288 [00:00\u003c00:00, 495.56it/s, Materializing param=layers.16.post_feedforward_layernorm.weight]\u001b[A\n"}
,{"stream_name":"stderr","time":95.900436887,"data":"\rLoading weights:  64%|██████▎   | 183/288 [00:00\u003c00:00, 495.56it/s, Materializing param=layers.16.post_feedforward_layernorm.weight]\u001b[A\n"}
,{"stream_name":"stderr","time":95.90057233,"data":"\rLoading weights:  64%|██████▍   | 184/288 [00:00\u003c00:00, 495.56it/s, Materializing param=layers.16.pre_feedforward_layernorm.weight] \u001b[A\n"}
,{"stream_name":"stderr","time":95.900848481,"data":"\rLoading weights:  64%|██████▍   | 184/288 [00:00\u003c00:00, 495.56it/s, Materializing param=layers.16.pre_feedforward_layernorm.weight]\u001b[A\n"}
,{"stream_name":"stderr","time":95.900952854,"data":"\rLoading weights:  64%|██████▍   | 185/288 [00:00\u003c00:00, 495.56it/s, Materializing param=layers.16.self_attn.k_proj.weight]         \u001b[A\n"}
,{"stream_name":"stderr","time":95.901218571,"data":"\rLoading weights:  64%|██████▍   | 185/288 [00:00\u003c00:00, 495.56it/s, Materializing param=layers.16.self_attn.k_proj.weight]\u001b[A\n"}
,{"stream_name":"stderr","time":95.901357057,"data":"\rLoading weights:  65%|██████▍   | 186/288 [00:00\u003c00:00, 495.56it/s, Materializing param=layers.16.self_attn.o_proj.weight]\u001b[A\n"}
,{"stream_name":"stderr","time":95.901610766,"data":"\rLoading weights:  65%|██████▍   | 186/288 [00:00\u003c00:00, 495.56it/s, Materializing param=layers.16.self_attn.o_proj.weight]\u001b[A\n"}
,{"stream_name":"stderr","time":95.90172041,"data":"\rLoading weights:  65%|██████▍   | 187/288 [00:00\u003c00:00, 495.56it/s, Materializing param=layers.16.self_attn.q_proj.weight]\u001b[A\n"}
,{"stream_name":"stderr","time":95.902019775,"data":"\rLoading weights:  65%|██████▍   | 187/288 [00:00\u003c00:00, 495.56it/s, Materializing param=layers.16.self_attn.q_proj.weight]\u001b[A\n"}
,{"stream_name":"stderr","time":95.90213056,"data":"\rLoading weights:  65%|██████▌   | 188/288 [00:00\u003c00:00, 495.56it/s, Materializing param=layers.16.self_attn.v_proj.weight]\u001b[A\n"}
,{"stream_name":"stderr","time":95.902391144,"data":"\rLoading weights:  65%|██████▌   | 188/288 [00:00\u003c00:00, 495.56it/s, Materializing param=layers.16.self_attn.v_proj.weight]\u001b[A\n"}
,{"stream_name":"stderr","time":95.902500853,"data":"\rLoading weights:  66%|██████▌   | 189/288 [00:00\u003c00:00, 495.56it/s, Materializing param=layers.17.input_layernorm.weight] \u001b[A\n"}
,{"stream_name":"stderr","time":95.902759149,"data":"\rLoading weights:  66%|██████▌   | 189/288 [00:00\u003c00:00, 495.56it/s, Materializing param=layers.17.input_layernorm.weight]\u001b[A\n"}
,{"stream_name":"stderr","time":95.902871225,"data":"\rLoading weights:  66%|██████▌   | 190/288 [00:00\u003c00:00, 495.56it/s, Materializing param=layers.17.mlp.down_proj.weight]  \u001b[A\n"}
,{"stream_name":"stderr","time":95.903121619,"data":"\rLoading weights:  66%|██████▌   | 190/288 [00:00\u003c00:00, 495.56it/s, Materializing param=layers.17.mlp.down_proj.weight]\u001b[A\n"}
,{"stream_name":"stderr","time":95.903228067,"data":"\rLoading weights:  66%|██████▋   | 191/288 [00:00\u003c00:00, 495.56it/s, Materializing param=layers.17.mlp.gate_proj.weight]\u001b[A\n"}
,{"stream_name":"stderr","time":95.903480026,"data":"\rLoading weights:  66%|██████▋   | 191/288 [00:00\u003c00:00, 495.56it/s, Materializing param=layers.17.mlp.gate_proj.weight]\u001b[A\n"}
,{"stream_name":"stderr","time":95.903586404,"data":"\rLoading weights:  67%|██████▋   | 192/288 [00:00\u003c00:00, 495.56it/s, Materializing param=layers.17.mlp.up_proj.weight]  \u001b[A\n"}
,{"stream_name":"stderr","time":95.903880068,"data":"\rLoading weights:  67%|██████▋   | 192/288 [00:00\u003c00:00, 495.56it/s, Materializing param=layers.17.mlp.up_proj.weight]\u001b[A\n"}
,{"stream_name":"stderr","time":95.903987095,"data":"\rLoading weights:  67%|██████▋   | 193/288 [00:00\u003c00:00, 495.56it/s, Materializing param=layers.17.post_attention_layernorm.weight]\u001b[A\n"}
,{"stream_name":"stderr","time":95.90424767,"data":"\rLoading weights:  67%|██████▋   | 193/288 [00:00\u003c00:00, 495.56it/s, Materializing param=layers.17.post_attention_layernorm.weight]\u001b[A\n"}
,{"stream_name":"stderr","time":95.904369842,"data":"\rLoading weights:  67%|██████▋   | 194/288 [00:00\u003c00:00, 495.56it/s, Materializing param=layers.17.post_feedforward_layernorm.weight]\u001b[A\n"}
,{"stream_name":"stderr","time":95.904615366,"data":"\rLoading weights:  67%|██████▋   | 194/288 [00:00\u003c00:00, 495.56it/s, Materializing param=layers.17.post_feedforward_layernorm.weight]\u001b[A\n"}
,{"stream_name":"stderr","time":95.904723858,"data":"\rLoading weights:  68%|██████▊   | 195/288 [00:00\u003c00:00, 495.56it/s, Materializing param=layers.17.pre_feedforward_layernorm.weight] \u001b[A\n"}
,{"stream_name":"stderr","time":95.90500784,"data":"\rLoading weights:  68%|██████▊   | 195/288 [00:00\u003c00:00, 495.56it/s, Materializing param=layers.17.pre_feedforward_layernorm.weight]\u001b[A\n"}
,{"stream_name":"stderr","time":95.905175442,"data":"\rLoading weights:  68%|██████▊   | 196/288 [00:00\u003c00:00, 495.56it/s, Materializing param=layers.17.self_attn.k_proj.weight]         \u001b[A\n"}
,{"stream_name":"stderr","time":95.905484148,"data":"\rLoading weights:  68%|██████▊   | 196/288 [00:00\u003c00:00, 495.56it/s, Materializing param=layers.17.self_attn.k_proj.weight]\u001b[A\n"}
,{"stream_name":"stderr","time":95.905594845,"data":"\rLoading weights:  68%|██████▊   | 197/288 [00:00\u003c00:00, 495.56it/s, Materializing param=layers.17.self_attn.o_proj.weight]\u001b[A\n"}
,{"stream_name":"stderr","time":95.906077172,"data":"\rLoading weights:  68%|██████▊   | 197/288 [00:00\u003c00:00, 495.56it/s, Materializing param=layers.17.self_attn.o_proj.weight]\u001b[A\n"}
,{"stream_name":"stderr","time":95.906176118,"data":"\rLoading weights:  69%|██████▉   | 198/288 [00:00\u003c00:00, 495.56it/s, Materializing param=layers.17.self_attn.q_proj.weight]\u001b[A\n"}
,{"stream_name":"stderr","time":95.906532324,"data":"\rLoading weights:  69%|██████▉   | 198/288 [00:00\u003c00:00, 495.56it/s, Materializing param=layers.17.self_attn.q_proj.weight]\u001b[A\n"}
,{"stream_name":"stderr","time":95.906618591,"data":"\rLoading weights:  69%|██████▉   | 199/288 [00:00\u003c00:00, 495.56it/s, Materializing param=layers.17.self_attn.v_proj.weight]\u001b[A\n"}
,{"stream_name":"stderr","time":95.906989542,"data":"\rLoading weights:  69%|██████▉   | 199/288 [00:00\u003c00:00, 495.56it/s, Materializing param=layers.17.self_attn.v_proj.weight]\u001b[A\n"}
,{"stream_name":"stderr","time":95.907068882,"data":"\rLoading weights:  69%|██████▉   | 200/288 [00:00\u003c00:00, 495.56it/s, Materializing param=layers.18.input_layernorm.weight] \u001b[A\n"}
,{"stream_name":"stderr","time":95.907460994,"data":"\rLoading weights:  69%|██████▉   | 200/288 [00:00\u003c00:00, 495.56it/s, Materializing param=layers.18.input_layernorm.weight]\u001b[A\n"}
,{"stream_name":"stderr","time":95.907538691,"data":"\rLoading weights:  70%|██████▉   | 201/288 [00:00\u003c00:00, 495.56it/s, Materializing param=layers.18.mlp.down_proj.weight]  \u001b[A\n"}
,{"stream_name":"stderr","time":95.907854759,"data":"\rLoading weights:  70%|██████▉   | 201/288 [00:00\u003c00:00, 495.56it/s, Materializing param=layers.18.mlp.down_proj.weight]\u001b[A\n"}
,{"stream_name":"stderr","time":95.907980538,"data":"\rLoading weights:  70%|███████   | 202/288 [00:00\u003c00:00, 495.56it/s, Materializing param=layers.18.mlp.gate_proj.weight]\u001b[A\n"}
,{"stream_name":"stderr","time":95.908281244,"data":"\rLoading weights:  70%|███████   | 202/288 [00:00\u003c00:00, 495.56it/s, Materializing param=layers.18.mlp.gate_proj.weight]\u001b[A\n"}
,{"stream_name":"stderr","time":95.908412097,"data":"\rLoading weights:  70%|███████   | 203/288 [00:00\u003c00:00, 495.56it/s, Materializing param=layers.18.mlp.up_proj.weight]  \u001b[A\n"}
,{"stream_name":"stderr","time":95.908677959,"data":"\rLoading weights:  70%|███████   | 203/288 [00:00\u003c00:00, 495.56it/s, Materializing param=layers.18.mlp.up_proj.weight]\u001b[A\n"}
,{"stream_name":"stderr","time":95.908782218,"data":"\rLoading weights:  71%|███████   | 204/288 [00:00\u003c00:00, 495.56it/s, Materializing param=layers.18.post_attention_layernorm.weight]\u001b[A\n"}
,{"stream_name":"stderr","time":95.909046621,"data":"\rLoading weights:  71%|███████   | 204/288 [00:00\u003c00:00, 495.56it/s, Materializing param=layers.18.post_attention_layernorm.weight]\u001b[A\n"}
,{"stream_name":"stderr","time":95.909173739,"data":"\rLoading weights:  71%|███████   | 205/288 [00:00\u003c00:00, 495.56it/s, Materializing param=layers.18.post_feedforward_layernorm.weight]\u001b[A\n"}
,{"stream_name":"stderr","time":95.909409898,"data":"\rLoading weights:  71%|███████   | 205/288 [00:00\u003c00:00, 495.56it/s, Materializing param=layers.18.post_feedforward_layernorm.weight]\u001b[A\n"}
,{"stream_name":"stderr","time":95.909521843,"data":"\rLoading weights:  72%|███████▏  | 206/288 [00:00\u003c00:00, 495.56it/s, Materializing param=layers.18.pre_feedforward_layernorm.weight] \u001b[A\n"}
,{"stream_name":"stderr","time":95.909800903,"data":"\rLoading weights:  72%|███████▏  | 206/288 [00:00\u003c00:00, 495.56it/s, Materializing param=layers.18.pre_feedforward_layernorm.weight]\u001b[A\n"}
,{"stream_name":"stderr","time":95.909943585,"data":"\rLoading weights:  72%|███████▏  | 207/288 [00:00\u003c00:00, 495.56it/s, Materializing param=layers.18.self_attn.k_proj.weight]         \u001b[A\n"}
,{"stream_name":"stderr","time":95.91018738,"data":"\rLoading weights:  72%|███████▏  | 207/288 [00:00\u003c00:00, 495.56it/s, Materializing param=layers.18.self_attn.k_proj.weight]\u001b[A\n"}
,{"stream_name":"stderr","time":95.910294412,"data":"\rLoading weights:  72%|███████▏  | 208/288 [00:00\u003c00:00, 495.56it/s, Materializing param=layers.18.self_attn.o_proj.weight]\u001b[A\n"}
,{"stream_name":"stderr","time":95.91057779,"data":"\rLoading weights:  72%|███████▏  | 208/288 [00:00\u003c00:00, 495.56it/s, Materializing param=layers.18.self_attn.o_proj.weight]\u001b[A\n"}
,{"stream_name":"stderr","time":95.910666188,"data":"\rLoading weights:  73%|███████▎  | 209/288 [00:00\u003c00:00, 495.56it/s, Materializing param=layers.18.self_attn.q_proj.weight]\u001b[A\n"}
,{"stream_name":"stderr","time":95.910923059,"data":"\rLoading weights:  73%|███████▎  | 209/288 [00:00\u003c00:00, 495.56it/s, Materializing param=layers.18.self_attn.q_proj.weight]\u001b[A\n"}
,{"stream_name":"stderr","time":95.911029287,"data":"\rLoading weights:  73%|███████▎  | 210/288 [00:00\u003c00:00, 495.56it/s, Materializing param=layers.18.self_attn.v_proj.weight]\u001b[A\n"}
,{"stream_name":"stderr","time":95.911268935,"data":"\rLoading weights:  73%|███████▎  | 210/288 [00:00\u003c00:00, 495.56it/s, Materializing param=layers.18.self_attn.v_proj.weight]\u001b[A\n"}
,{"stream_name":"stderr","time":95.911417923,"data":"\rLoading weights:  73%|███████▎  | 211/288 [00:00\u003c00:00, 495.56it/s, Materializing param=layers.19.input_layernorm.weight] \u001b[A\n"}
,{"stream_name":"stderr","time":95.911643792,"data":"\rLoading weights:  73%|███████▎  | 211/288 [00:00\u003c00:00, 495.56it/s, Materializing param=layers.19.input_layernorm.weight]\u001b[A\n"}
,{"stream_name":"stderr","time":95.911760514,"data":"\rLoading weights:  74%|███████▎  | 212/288 [00:00\u003c00:00, 495.56it/s, Materializing param=layers.19.mlp.down_proj.weight]  \u001b[A\n"}
,{"stream_name":"stderr","time":95.912061476,"data":"\rLoading weights:  74%|███████▎  | 212/288 [00:00\u003c00:00, 495.56it/s, Materializing param=layers.19.mlp.down_proj.weight]\u001b[A\n"}
,{"stream_name":"stderr","time":95.912149311,"data":"\rLoading weights:  74%|███████▍  | 213/288 [00:00\u003c00:00, 495.56it/s, Materializing param=layers.19.mlp.gate_proj.weight]\u001b[A\n"}
,{"stream_name":"stderr","time":95.912397198,"data":"\rLoading weights:  74%|███████▍  | 213/288 [00:00\u003c00:00, 495.56it/s, Materializing param=layers.19.mlp.gate_proj.weight]\u001b[A\n"}
,{"stream_name":"stderr","time":95.912597293,"data":"\rLoading weights:  74%|███████▍  | 214/288 [00:00\u003c00:00, 495.56it/s, Materializing param=layers.19.mlp.up_proj.weight]  \u001b[A\n"}
,{"stream_name":"stderr","time":95.912804144,"data":"\rLoading weights:  74%|███████▍  | 214/288 [00:00\u003c00:00, 495.56it/s, Materializing param=layers.19.mlp.up_proj.weight]\u001b[A\n"}
,{"stream_name":"stderr","time":95.912909724,"data":"\rLoading weights:  75%|███████▍  | 215/288 [00:00\u003c00:00, 495.56it/s, Materializing param=layers.19.post_attention_layernorm.weight]\u001b[A\n"}
,{"stream_name":"stderr","time":95.913286315,"data":"\rLoading weights:  75%|███████▍  | 215/288 [00:00\u003c00:00, 495.56it/s, Materializing param=layers.19.post_attention_layernorm.weight]\u001b[A\n"}
,{"stream_name":"stderr","time":95.913384616,"data":"\rLoading weights:  75%|███████▌  | 216/288 [00:00\u003c00:00, 495.56it/s, Materializing param=layers.19.post_feedforward_layernorm.weight]\u001b[A\n"}
,{"stream_name":"stderr","time":95.91367619,"data":"\rLoading weights:  75%|███████▌  | 216/288 [00:00\u003c00:00, 495.56it/s, Materializing param=layers.19.post_feedforward_layernorm.weight]\u001b[A\n"}
,{"stream_name":"stderr","time":95.913836682,"data":"\rLoading weights:  75%|███████▌  | 217/288 [00:00\u003c00:00, 495.56it/s, Materializing param=layers.19.pre_feedforward_layernorm.weight] \u001b[A\n"}
,{"stream_name":"stderr","time":95.914139267,"data":"\rLoading weights:  75%|███████▌  | 217/288 [00:00\u003c00:00, 495.56it/s, Materializing param=layers.19.pre_feedforward_layernorm.weight]\u001b[A\n"}
,{"stream_name":"stderr","time":95.914225135,"data":"\rLoading weights:  76%|███████▌  | 218/288 [00:00\u003c00:00, 495.56it/s, Materializing param=layers.19.self_attn.k_proj.weight]         \u001b[A\n"}
,{"stream_name":"stderr","time":95.914511624,"data":"\rLoading weights:  76%|███████▌  | 218/288 [00:00\u003c00:00, 495.56it/s, Materializing param=layers.19.self_attn.k_proj.weight]\u001b[A\n"}
,{"stream_name":"stderr","time":95.914704773,"data":"\rLoading weights:  76%|███████▌  | 219/288 [00:00\u003c00:00, 495.56it/s, Materializing param=layers.19.self_attn.o_proj.weight]\u001b[A\n"}
,{"stream_name":"stderr","time":95.914963603,"data":"\rLoading weights:  76%|███████▌  | 219/288 [00:00\u003c00:00, 495.56it/s, Materializing param=layers.19.self_attn.o_proj.weight]\u001b[A\n"}
,{"stream_name":"stderr","time":95.915101778,"data":"\rLoading weights:  76%|███████▋  | 220/288 [00:00\u003c00:00, 495.56it/s, Materializing param=layers.19.self_attn.q_proj.weight]\u001b[A\n"}
,{"stream_name":"stderr","time":95.915416156,"data":"\rLoading weights:  76%|███████▋  | 220/288 [00:00\u003c00:00, 495.56it/s, Materializing param=layers.19.self_attn.q_proj.weight]\u001b[A\n"}
,{"stream_name":"stderr","time":95.915507671,"data":"\rLoading weights:  77%|███████▋  | 221/288 [00:00\u003c00:00, 495.56it/s, Materializing param=layers.19.self_attn.v_proj.weight]\u001b[A\n"}
,{"stream_name":"stderr","time":95.915834857,"data":"\rLoading weights:  77%|███████▋  | 221/288 [00:00\u003c00:00, 495.56it/s, Materializing param=layers.19.self_attn.v_proj.weight]\u001b[A\n"}
,{"stream_name":"stderr","time":95.915982047,"data":"\rLoading weights:  77%|███████▋  | 222/288 [00:00\u003c00:00, 495.56it/s, Materializing param=layers.20.input_layernorm.weight] \u001b[A\n"}
,{"stream_name":"stderr","time":95.916253048,"data":"\rLoading weights:  77%|███████▋  | 222/288 [00:00\u003c00:00, 495.56it/s, Materializing param=layers.20.input_layernorm.weight]\u001b[A\n"}
,{"stream_name":"stderr","time":95.916372331,"data":"\rLoading weights:  77%|███████▋  | 223/288 [00:00\u003c00:00, 495.56it/s, Materializing param=layers.20.mlp.down_proj.weight]  \u001b[A\n"}
,{"stream_name":"stderr","time":95.916719417,"data":"\rLoading weights:  77%|███████▋  | 223/288 [00:00\u003c00:00, 495.56it/s, Materializing param=layers.20.mlp.down_proj.weight]\u001b[A\n"}
,{"stream_name":"stderr","time":95.917870419,"data":"\rLoading weights:  78%|███████▊  | 224/288 [00:00\u003c00:00, 495.56it/s, Materializing param=layers.20.mlp.gate_proj.weight]\u001b[A\n"}
,{"stream_name":"stderr","time":95.917888582,"data":"\rLoading weights:  78%|███████▊  | 224/288 [00:00\u003c00:00, 495.56it/s, Materializing param=layers.20.mlp.gate_proj.weight]\u001b[A\n"}
,{"stream_name":"stderr","time":95.917894839,"data":"\rLoading weights:  78%|███████▊  | 225/288 [00:00\u003c00:00, 495.56it/s, Materializing param=layers.20.mlp.up_proj.weight]  \u001b[A\n"}
,{"stream_name":"stderr","time":95.917899437,"data":"\rLoading weights:  78%|███████▊  | 225/288 [00:00\u003c00:00, 495.56it/s, Materializing param=layers.20.mlp.up_proj.weight]\u001b[A\n"}
,{"stream_name":"stderr","time":95.917904089,"data":"\rLoading weights:  78%|███████▊  | 226/288 [00:00\u003c00:00, 495.56it/s, Materializing param=layers.20.post_attention_layernorm.weight]\u001b[A\n"}
,{"stream_name":"stderr","time":95.917909379,"data":"\rLoading weights:  78%|███████▊  | 226/288 [00:00\u003c00:00, 495.56it/s, Materializing param=layers.20.post_attention_layernorm.weight]\u001b[A\n"}
,{"stream_name":"stderr","time":95.917914635,"data":"\rLoading weights:  79%|███████▉  | 227/288 [00:00\u003c00:00, 495.56it/s, Materializing param=layers.20.post_feedforward_layernorm.weight]\u001b[A\n"}
,{"stream_name":"stderr","time":95.917919441,"data":"\rLoading weights:  79%|███████▉  | 227/288 [00:00\u003c00:00, 495.56it/s, Materializing param=layers.20.post_feedforward_layernorm.weight]\u001b[A\n"}
,{"stream_name":"stderr","time":95.917924564,"data":"\rLoading weights:  79%|███████▉  | 228/288 [00:00\u003c00:00, 495.56it/s, Materializing param=layers.20.pre_feedforward_layernorm.weight] \u001b[A\n"}
,{"stream_name":"stderr","time":95.917928909,"data":"\rLoading weights:  79%|███████▉  | 228/288 [00:00\u003c00:00, 495.56it/s, Materializing param=layers.20.pre_feedforward_layernorm.weight]\u001b[A\n"}
,{"stream_name":"stderr","time":95.91793335,"data":"\rLoading weights:  80%|███████▉  | 229/288 [00:00\u003c00:00, 495.56it/s, Materializing param=layers.20.self_attn.k_proj.weight]         \u001b[A\n"}
,{"stream_name":"stderr","time":95.918173322,"data":"\rLoading weights:  80%|███████▉  | 229/288 [00:00\u003c00:00, 495.56it/s, Materializing param=layers.20.self_attn.k_proj.weight]\u001b[A\n"}
,{"stream_name":"stderr","time":95.918310434,"data":"\rLoading weights:  80%|███████▉  | 230/288 [00:00\u003c00:00, 495.56it/s, Materializing param=layers.20.self_attn.o_proj.weight]\u001b[A\n"}
,{"stream_name":"stderr","time":95.918605168,"data":"\rLoading weights:  80%|███████▉  | 230/288 [00:00\u003c00:00, 495.56it/s, Materializing param=layers.20.self_attn.o_proj.weight]\u001b[A\n"}
,{"stream_name":"stderr","time":95.918711725,"data":"\rLoading weights:  80%|████████  | 231/288 [00:00\u003c00:00, 495.56it/s, Materializing param=layers.20.self_attn.q_proj.weight]\u001b[A\n"}
,{"stream_name":"stderr","time":95.919005022,"data":"\rLoading weights:  80%|████████  | 231/288 [00:00\u003c00:00, 495.56it/s, Materializing param=layers.20.self_attn.q_proj.weight]\u001b[A\n"}
,{"stream_name":"stderr","time":95.919108314,"data":"\rLoading weights:  81%|████████  | 232/288 [00:00\u003c00:00, 495.56it/s, Materializing param=layers.20.self_attn.v_proj.weight]\u001b[A\n"}
,{"stream_name":"stderr","time":95.919402964,"data":"\rLoading weights:  81%|████████  | 232/288 [00:00\u003c00:00, 495.56it/s, Materializing param=layers.20.self_attn.v_proj.weight]\u001b[A\n"}
,{"stream_name":"stderr","time":95.919513217,"data":"\rLoading weights:  81%|████████  | 233/288 [00:00\u003c00:00, 495.56it/s, Materializing param=layers.21.input_layernorm.weight] \u001b[A\n"}
,{"stream_name":"stderr","time":95.919809191,"data":"\rLoading weights:  81%|████████  | 233/288 [00:00\u003c00:00, 495.56it/s, Materializing param=layers.21.input_layernorm.weight]\u001b[A\n"}
,{"stream_name":"stderr","time":95.919915652,"data":"\rLoading weights:  81%|████████▏ | 234/288 [00:00\u003c00:00, 495.56it/s, Materializing param=layers.21.mlp.down_proj.weight]  \u001b[A\n"}
,{"stream_name":"stderr","time":95.920271189,"data":"\rLoading weights:  81%|████████▏ | 234/288 [00:00\u003c00:00, 495.56it/s, Materializing param=layers.21.mlp.down_proj.weight]\u001b[A\n"}
,{"stream_name":"stderr","time":95.920394039,"data":"\rLoading weights:  82%|████████▏ | 235/288 [00:00\u003c00:00, 495.56it/s, Materializing param=layers.21.mlp.gate_proj.weight]\u001b[A\n"}
,{"stream_name":"stderr","time":95.920688067,"data":"\rLoading weights:  82%|████████▏ | 235/288 [00:00\u003c00:00, 495.56it/s, Materializing param=layers.21.mlp.gate_proj.weight]\u001b[A\n"}
,{"stream_name":"stderr","time":95.920796115,"data":"\rLoading weights:  82%|████████▏ | 236/288 [00:00\u003c00:00, 495.56it/s, Materializing param=layers.21.mlp.up_proj.weight]  \u001b[A\n"}
,{"stream_name":"stderr","time":95.92109243,"data":"\rLoading weights:  82%|████████▏ | 236/288 [00:00\u003c00:00, 495.56it/s, Materializing param=layers.21.mlp.up_proj.weight]\u001b[A\n"}
,{"stream_name":"stderr","time":95.921256949,"data":"\rLoading weights:  82%|████████▏ | 237/288 [00:00\u003c00:00, 495.56it/s, Materializing param=layers.21.post_attention_layernorm.weight]\u001b[A\n"}
,{"stream_name":"stderr","time":95.921523909,"data":"\rLoading weights:  82%|████████▏ | 237/288 [00:00\u003c00:00, 495.56it/s, Materializing param=layers.21.post_attention_layernorm.weight]\u001b[A\n"}
,{"stream_name":"stderr","time":95.921640012,"data":"\rLoading weights:  83%|████████▎ | 238/288 [00:00\u003c00:00, 495.56it/s, Materializing param=layers.21.post_feedforward_layernorm.weight]\u001b[A\n"}
,{"stream_name":"stderr","time":95.921960829,"data":"\rLoading weights:  83%|████████▎ | 238/288 [00:00\u003c00:00, 495.56it/s, Materializing param=layers.21.post_feedforward_layernorm.weight]\u001b[A\n"}
,{"stream_name":"stderr","time":95.922077072,"data":"\rLoading weights:  83%|████████▎ | 239/288 [00:00\u003c00:00, 495.56it/s, Materializing param=layers.21.pre_feedforward_layernorm.weight] \u001b[A\n"}
,{"stream_name":"stderr","time":95.9223305,"data":"\rLoading weights:  83%|████████▎ | 239/288 [00:00\u003c00:00, 495.56it/s, Materializing param=layers.21.pre_feedforward_layernorm.weight]\u001b[A\n"}
,{"stream_name":"stderr","time":95.922582932,"data":"\rLoading weights:  83%|████████▎ | 240/288 [00:00\u003c00:00, 495.56it/s, Materializing param=layers.21.self_attn.k_proj.weight]         \u001b[A\n"}
,{"stream_name":"stderr","time":95.922914467,"data":"\rLoading weights:  83%|████████▎ | 240/288 [00:00\u003c00:00, 495.56it/s, Materializing param=layers.21.self_attn.k_proj.weight]\u001b[A\n"}
,{"stream_name":"stderr","time":95.922999332,"data":"\rLoading weights:  84%|████████▎ | 241/288 [00:00\u003c00:00, 495.56it/s, Materializing param=layers.21.self_attn.o_proj.weight]\u001b[A\n"}
,{"stream_name":"stderr","time":95.923315562,"data":"\rLoading weights:  84%|████████▎ | 241/288 [00:00\u003c00:00, 495.56it/s, Materializing param=layers.21.self_attn.o_proj.weight]\u001b[A\n"}
,{"stream_name":"stderr","time":95.923406702,"data":"\rLoading weights:  84%|████████▍ | 242/288 [00:00\u003c00:00, 495.56it/s, Materializing param=layers.21.self_attn.q_proj.weight]\u001b[A\n"}
,{"stream_name":"stderr","time":95.923719314,"data":"\rLoading weights:  84%|████████▍ | 242/288 [00:00\u003c00:00, 495.56it/s, Materializing param=layers.21.self_attn.q_proj.weight]\u001b[A\n"}
,{"stream_name":"stderr","time":95.923846811,"data":"\rLoading weights:  84%|████████▍ | 243/288 [00:00\u003c00:00, 495.56it/s, Materializing param=layers.21.self_attn.v_proj.weight]\u001b[A\n"}
,{"stream_name":"stderr","time":95.924118446,"data":"\rLoading weights:  84%|████████▍ | 243/288 [00:00\u003c00:00, 495.56it/s, Materializing param=layers.21.self_attn.v_proj.weight]\u001b[A\n"}
,{"stream_name":"stderr","time":95.924234906,"data":"\rLoading weights:  85%|████████▍ | 244/288 [00:00\u003c00:00, 495.56it/s, Materializing param=layers.22.input_layernorm.weight] \u001b[A\n"}
,{"stream_name":"stderr","time":95.924525422,"data":"\rLoading weights:  85%|████████▍ | 244/288 [00:00\u003c00:00, 495.56it/s, Materializing param=layers.22.input_layernorm.weight]\u001b[A\n"}
,{"stream_name":"stderr","time":95.924645708,"data":"\rLoading weights:  85%|████████▌ | 245/288 [00:00\u003c00:00, 495.56it/s, Materializing param=layers.22.mlp.down_proj.weight]  \u001b[A\n"}
,{"stream_name":"stderr","time":95.924984469,"data":"\rLoading weights:  85%|████████▌ | 245/288 [00:00\u003c00:00, 495.56it/s, Materializing param=layers.22.mlp.down_proj.weight]\u001b[A\n"}
,{"stream_name":"stderr","time":95.9250533,"data":"\rLoading weights:  85%|████████▌ | 246/288 [00:00\u003c00:00, 495.56it/s, Materializing param=layers.22.mlp.gate_proj.weight]\u001b[A\n"}
,{"stream_name":"stderr","time":95.925405829,"data":"\rLoading weights:  85%|████████▌ | 246/288 [00:00\u003c00:00, 495.56it/s, Materializing param=layers.22.mlp.gate_proj.weight]\u001b[A\n"}
,{"stream_name":"stderr","time":95.925473544,"data":"\rLoading weights:  86%|████████▌ | 247/288 [00:00\u003c00:00, 495.56it/s, Materializing param=layers.22.mlp.up_proj.weight]  \u001b[A\n"}
,{"stream_name":"stderr","time":95.92580518,"data":"\rLoading weights:  86%|████████▌ | 247/288 [00:00\u003c00:00, 495.56it/s, Materializing param=layers.22.mlp.up_proj.weight]\u001b[A\n"}
,{"stream_name":"stderr","time":95.925916527,"data":"\rLoading weights:  86%|████████▌ | 248/288 [00:00\u003c00:00, 495.56it/s, Materializing param=layers.22.post_attention_layernorm.weight]\u001b[A\n"}
,{"stream_name":"stderr","time":95.926244088,"data":"\rLoading weights:  86%|████████▌ | 248/288 [00:00\u003c00:00, 495.56it/s, Materializing param=layers.22.post_attention_layernorm.weight]\u001b[A\n"}
,{"stream_name":"stderr","time":95.926363418,"data":"\rLoading weights:  86%|████████▋ | 249/288 [00:00\u003c00:00, 495.56it/s, Materializing param=layers.22.post_feedforward_layernorm.weight]\u001b[A\n"}
,{"stream_name":"stderr","time":95.926674167,"data":"\rLoading weights:  86%|████████▋ | 249/288 [00:00\u003c00:00, 495.56it/s, Materializing param=layers.22.post_feedforward_layernorm.weight]\u001b[A\n"}
,{"stream_name":"stderr","time":95.926793119,"data":"\rLoading weights:  87%|████████▋ | 250/288 [00:00\u003c00:00, 495.56it/s, Materializing param=layers.22.pre_feedforward_layernorm.weight] \u001b[A\n"}
,{"stream_name":"stderr","time":95.92711856,"data":"\rLoading weights:  87%|████████▋ | 250/288 [00:00\u003c00:00, 495.56it/s, Materializing param=layers.22.pre_feedforward_layernorm.weight]\u001b[A\n"}
,{"stream_name":"stderr","time":95.927225259,"data":"\rLoading weights:  87%|████████▋ | 251/288 [00:00\u003c00:00, 495.56it/s, Materializing param=layers.22.self_attn.k_proj.weight]         \u001b[A\n"}
,{"stream_name":"stderr","time":95.927722782,"data":"\rLoading weights:  87%|████████▋ | 251/288 [00:00\u003c00:00, 495.56it/s, Materializing param=layers.22.self_attn.k_proj.weight]\u001b[A\n"}
,{"stream_name":"stderr","time":95.927915182,"data":"\rLoading weights:  88%|████████▊ | 252/288 [00:00\u003c00:00, 495.56it/s, Materializing param=layers.22.self_attn.o_proj.weight]\u001b[A\n"}
,{"stream_name":"stderr","time":95.92823353,"data":"\rLoading weights:  88%|████████▊ | 252/288 [00:00\u003c00:00, 495.56it/s, Materializing param=layers.22.self_attn.o_proj.weight]\u001b[A\n"}
,{"stream_name":"stderr","time":95.928397061,"data":"\rLoading weights:  88%|████████▊ | 253/288 [00:00\u003c00:00, 495.56it/s, Materializing param=layers.22.self_attn.q_proj.weight]\u001b[A\n"}
,{"stream_name":"stderr","time":95.928707152,"data":"\rLoading weights:  88%|████████▊ | 253/288 [00:00\u003c00:00, 495.56it/s, Materializing param=layers.22.self_attn.q_proj.weight]\u001b[A\n"}
,{"stream_name":"stderr","time":95.928828354,"data":"\rLoading weights:  88%|████████▊ | 254/288 [00:00\u003c00:00, 495.56it/s, Materializing param=layers.22.self_attn.v_proj.weight]\u001b[A\n"}
,{"stream_name":"stderr","time":95.929162748,"data":"\rLoading weights:  88%|████████▊ | 254/288 [00:00\u003c00:00, 495.56it/s, Materializing param=layers.22.self_attn.v_proj.weight]\u001b[A\n"}
,{"stream_name":"stderr","time":95.92927596,"data":"\rLoading weights:  89%|████████▊ | 255/288 [00:00\u003c00:00, 495.56it/s, Materializing param=layers.23.input_layernorm.weight] \u001b[A\n"}
,{"stream_name":"stderr","time":95.929617312,"data":"\rLoading weights:  89%|████████▊ | 255/288 [00:00\u003c00:00, 495.56it/s, Materializing param=layers.23.input_layernorm.weight]\u001b[A\n"}
,{"stream_name":"stderr","time":95.929745937,"data":"\rLoading weights:  89%|████████▉ | 256/288 [00:00\u003c00:00, 495.56it/s, Materializing param=layers.23.mlp.down_proj.weight]  \u001b[A\n"}
,{"stream_name":"stderr","time":95.930063914,"data":"\rLoading weights:  89%|████████▉ | 256/288 [00:00\u003c00:00, 495.56it/s, Materializing param=layers.23.mlp.down_proj.weight]\u001b[A\n"}
,{"stream_name":"stderr","time":95.930208141,"data":"\rLoading weights:  89%|████████▉ | 257/288 [00:00\u003c00:00, 495.56it/s, Materializing param=layers.23.mlp.gate_proj.weight]\u001b[A\n"}
,{"stream_name":"stderr","time":95.93055165,"data":"\rLoading weights:  89%|████████▉ | 257/288 [00:00\u003c00:00, 495.56it/s, Materializing param=layers.23.mlp.gate_proj.weight]\u001b[A\n"}
,{"stream_name":"stderr","time":95.930630632,"data":"\rLoading weights:  90%|████████▉ | 258/288 [00:00\u003c00:00, 495.56it/s, Materializing param=layers.23.mlp.up_proj.weight]  \u001b[A\n"}
,{"stream_name":"stderr","time":95.930950082,"data":"\rLoading weights:  90%|████████▉ | 258/288 [00:00\u003c00:00, 495.56it/s, Materializing param=layers.23.mlp.up_proj.weight]\u001b[A\n"}
,{"stream_name":"stderr","time":95.931107173,"data":"\rLoading weights:  90%|████████▉ | 259/288 [00:00\u003c00:00, 1429.46it/s, Materializing param=layers.23.mlp.up_proj.weight]\u001b[A\n"}
,{"stream_name":"stderr","time":95.93126221,"data":"\rLoading weights:  90%|████████▉ | 259/288 [00:00\u003c00:00, 1429.46it/s, Materializing param=layers.23.post_attention_layernorm.weight]\u001b[A\n"}
,{"stream_name":"stderr","time":95.931599381,"data":"\rLoading weights:  90%|████████▉ | 259/288 [00:00\u003c00:00, 1429.46it/s, Materializing param=layers.23.post_attention_layernorm.weight]\u001b[A\n"}
,{"stream_name":"stderr","time":95.931718285,"data":"\rLoading weights:  90%|█████████ | 260/288 [00:00\u003c00:00, 1429.46it/s, Materializing param=layers.23.post_feedforward_layernorm.weight]\u001b[A\n"}
,{"stream_name":"stderr","time":95.932031154,"data":"\rLoading weights:  90%|█████████ | 260/288 [00:00\u003c00:00, 1429.46it/s, Materializing param=layers.23.post_feedforward_layernorm.weight]\u001b[A\n"}
,{"stream_name":"stderr","time":95.932149178,"data":"\rLoading weights:  91%|█████████ | 261/288 [00:00\u003c00:00, 1429.46it/s, Materializing param=layers.23.pre_feedforward_layernorm.weight] \u001b[A\n"}
,{"stream_name":"stderr","time":95.932402923,"data":"\rLoading weights:  91%|█████████ | 261/288 [00:00\u003c00:00, 1429.46it/s, Materializing param=layers.23.pre_feedforward_layernorm.weight]\u001b[A\n"}
,{"stream_name":"stderr","time":95.932540504,"data":"\rLoading weights:  91%|█████████ | 262/288 [00:00\u003c00:00, 1429.46it/s, Materializing param=layers.23.self_attn.k_proj.weight]         \u001b[A\n"}
,{"stream_name":"stderr","time":95.93277933,"data":"\rLoading weights:  91%|█████████ | 262/288 [00:00\u003c00:00, 1429.46it/s, Materializing param=layers.23.self_attn.k_proj.weight]\u001b[A\n"}
,{"stream_name":"stderr","time":95.932886276,"data":"\rLoading weights:  91%|█████████▏| 263/288 [00:00\u003c00:00, 1429.46it/s, Materializing param=layers.23.self_attn.o_proj.weight]\u001b[A\n"}
,{"stream_name":"stderr","time":95.933142009,"data":"\rLoading weights:  91%|█████████▏| 263/288 [00:00\u003c00:00, 1429.46it/s, Materializing param=layers.23.self_attn.o_proj.weight]\u001b[A\n"}
,{"stream_name":"stderr","time":95.933255224,"data":"\rLoading weights:  92%|█████████▏| 264/288 [00:00\u003c00:00, 1429.46it/s, Materializing param=layers.23.self_attn.q_proj.weight]\u001b[A\n"}
,{"stream_name":"stderr","time":95.933493421,"data":"\rLoading weights:  92%|█████████▏| 264/288 [00:00\u003c00:00, 1429.46it/s, Materializing param=layers.23.self_attn.q_proj.weight]\u001b[A\n"}
,{"stream_name":"stderr","time":95.933597485,"data":"\rLoading weights:  92%|█████████▏| 265/288 [00:00\u003c00:00, 1429.46it/s, Materializing param=layers.23.self_attn.v_proj.weight]\u001b[A\n"}
,{"stream_name":"stderr","time":95.933911048,"data":"\rLoading weights:  92%|█████████▏| 265/288 [00:00\u003c00:00, 1429.46it/s, Materializing param=layers.23.self_attn.v_proj.weight]\u001b[A\n"}
,{"stream_name":"stderr","time":95.933997661,"data":"\rLoading weights:  92%|█████████▏| 266/288 [00:00\u003c00:00, 1429.46it/s, Materializing param=layers.24.input_layernorm.weight] \u001b[A\n"}
,{"stream_name":"stderr","time":95.934435574,"data":"\rLoading weights:  92%|█████████▏| 266/288 [00:00\u003c00:00, 1429.46it/s, Materializing param=layers.24.input_layernorm.weight]\u001b[A\n"}
,{"stream_name":"stderr","time":95.934446088,"data":"\rLoading weights:  93%|█████████▎| 267/288 [00:00\u003c00:00, 1429.46it/s, Materializing param=layers.24.mlp.down_proj.weight]  \u001b[A\n"}
,{"stream_name":"stderr","time":95.934631948,"data":"\rLoading weights:  93%|█████████▎| 267/288 [00:00\u003c00:00, 1429.46it/s, Materializing param=layers.24.mlp.down_proj.weight]\u001b[A\n"}
,{"stream_name":"stderr","time":95.934720221,"data":"\rLoading weights:  93%|█████████▎| 268/288 [00:00\u003c00:00, 1429.46it/s, Materializing param=layers.24.mlp.gate_proj.weight]\u001b[A\n"}
,{"stream_name":"stderr","time":95.934981588,"data":"\rLoading weights:  93%|█████████▎| 268/288 [00:00\u003c00:00, 1429.46it/s, Materializing param=layers.24.mlp.gate_proj.weight]\u001b[A\n"}
,{"stream_name":"stderr","time":95.93509143,"data":"\rLoading weights:  93%|█████████▎| 269/288 [00:00\u003c00:00, 1429.46it/s, Materializing param=layers.24.mlp.up_proj.weight]  \u001b[A\n"}
,{"stream_name":"stderr","time":95.935336778,"data":"\rLoading weights:  93%|█████████▎| 269/288 [00:00\u003c00:00, 1429.46it/s, Materializing param=layers.24.mlp.up_proj.weight]\u001b[A\n"}
,{"stream_name":"stderr","time":95.935448094,"data":"\rLoading weights:  94%|█████████▍| 270/288 [00:00\u003c00:00, 1429.46it/s, Materializing param=layers.24.post_attention_layernorm.weight]\u001b[A\n"}
,{"stream_name":"stderr","time":95.935678866,"data":"\rLoading weights:  94%|█████████▍| 270/288 [00:00\u003c00:00, 1429.46it/s, Materializing param=layers.24.post_attention_layernorm.weight]\u001b[A\n"}
,{"stream_name":"stderr","time":95.935816636,"data":"\rLoading weights:  94%|█████████▍| 271/288 [00:00\u003c00:00, 1429.46it/s, Materializing param=layers.24.post_feedforward_layernorm.weight]\u001b[A\n"}
,{"stream_name":"stderr","time":95.93612974,"data":"\rLoading weights:  94%|█████████▍| 271/288 [00:00\u003c00:00, 1429.46it/s, Materializing param=layers.24.post_feedforward_layernorm.weight]\u001b[A\n"}
,{"stream_name":"stderr","time":95.936153871,"data":"\rLoading weights:  94%|█████████▍| 272/288 [00:00\u003c00:00, 1429.46it/s, Materializing param=layers.24.pre_feedforward_layernorm.weight] \u001b[A\n"}
,{"stream_name":"stderr","time":95.936427227,"data":"\rLoading weights:  94%|█████████▍| 272/288 [00:00\u003c00:00, 1429.46it/s, Materializing param=layers.24.pre_feedforward_layernorm.weight]\u001b[A\n"}
,{"stream_name":"stderr","time":95.936541215,"data":"\rLoading weights:  95%|█████████▍| 273/288 [00:00\u003c00:00, 1429.46it/s, Materializing param=layers.24.self_attn.k_proj.weight]         \u001b[A\n"}
,{"stream_name":"stderr","time":95.93681521,"data":"\rLoading weights:  95%|█████████▍| 273/288 [00:00\u003c00:00, 1429.46it/s, Materializing param=layers.24.self_attn.k_proj.weight]\u001b[A\n"}
,{"stream_name":"stderr","time":95.936922441,"data":"\rLoading weights:  95%|█████████▌| 274/288 [00:00\u003c00:00, 1429.46it/s, Materializing param=layers.24.self_attn.o_proj.weight]\u001b[A\n"}
,{"stream_name":"stderr","time":95.937211836,"data":"\rLoading weights:  95%|█████████▌| 274/288 [00:00\u003c00:00, 1429.46it/s, Materializing param=layers.24.self_attn.o_proj.weight]\u001b[A\n"}
,{"stream_name":"stderr","time":95.93732923,"data":"\rLoading weights:  95%|█████████▌| 275/288 [00:00\u003c00:00, 1429.46it/s, Materializing param=layers.24.self_attn.q_proj.weight]\u001b[A\n"}
,{"stream_name":"stderr","time":95.9376257,"data":"\rLoading weights:  95%|█████████▌| 275/288 [00:00\u003c00:00, 1429.46it/s, Materializing param=layers.24.self_attn.q_proj.weight]\u001b[A\n"}
,{"stream_name":"stderr","time":95.937753888,"data":"\rLoading weights:  96%|█████████▌| 276/288 [00:00\u003c00:00, 1429.46it/s, Materializing param=layers.24.self_attn.v_proj.weight]\u001b[A\n"}
,{"stream_name":"stderr","time":95.938061942,"data":"\rLoading weights:  96%|█████████▌| 276/288 [00:00\u003c00:00, 1429.46it/s, Materializing param=layers.24.self_attn.v_proj.weight]\u001b[A\n"}
,{"stream_name":"stderr","time":95.938149617,"data":"\rLoading weights:  96%|█████████▌| 277/288 [00:00\u003c00:00, 1429.46it/s, Materializing param=layers.25.input_layernorm.weight] \u001b[A\n"}
,{"stream_name":"stderr","time":95.93839861,"data":"\rLoading weights:  96%|█████████▌| 277/288 [00:00\u003c00:00, 1429.46it/s, Materializing param=layers.25.input_layernorm.weight]\u001b[A\n"}
,{"stream_name":"stderr","time":95.938514966,"data":"\rLoading weights:  97%|█████████▋| 278/288 [00:00\u003c00:00, 1429.46it/s, Materializing param=layers.25.mlp.down_proj.weight]  \u001b[A\n"}
,{"stream_name":"stderr","time":95.938831164,"data":"\rLoading weights:  97%|█████████▋| 278/288 [00:00\u003c00:00, 1429.46it/s, Materializing param=layers.25.mlp.down_proj.weight]\u001b[A\n"}
,{"stream_name":"stderr","time":95.938886129,"data":"\rLoading weights:  97%|█████████▋| 279/288 [00:00\u003c00:00, 1429.46it/s, Materializing param=layers.25.mlp.gate_proj.weight]\u001b[A\n"}
,{"stream_name":"stderr","time":95.93917751,"data":"\rLoading weights:  97%|█████████▋| 279/288 [00:00\u003c00:00, 1429.46it/s, Materializing param=layers.25.mlp.gate_proj.weight]\u001b[A\n"}
,{"stream_name":"stderr","time":95.939329146,"data":"\rLoading weights:  97%|█████████▋| 280/288 [00:00\u003c00:00, 1429.46it/s, Materializing param=layers.25.mlp.up_proj.weight]  \u001b[A\n"}
,{"stream_name":"stderr","time":95.939553036,"data":"\rLoading weights:  97%|█████████▋| 280/288 [00:00\u003c00:00, 1429.46it/s, Materializing param=layers.25.mlp.up_proj.weight]\u001b[A\n"}
,{"stream_name":"stderr","time":95.939691422,"data":"\rLoading weights:  98%|█████████▊| 281/288 [00:00\u003c00:00, 1429.46it/s, Materializing param=layers.25.post_attention_layernorm.weight]\u001b[A\n"}
,{"stream_name":"stderr","time":95.939992133,"data":"\rLoading weights:  98%|█████████▊| 281/288 [00:00\u003c00:00, 1429.46it/s, Materializing param=layers.25.post_attention_layernorm.weight]\u001b[A\n"}
,{"stream_name":"stderr","time":95.940087286,"data":"\rLoading weights:  98%|█████████▊| 282/288 [00:00\u003c00:00, 1429.46it/s, Materializing param=layers.25.post_feedforward_layernorm.weight]\u001b[A\n"}
,{"stream_name":"stderr","time":95.940359417,"data":"\rLoading weights:  98%|█████████▊| 282/288 [00:00\u003c00:00, 1429.46it/s, Materializing param=layers.25.post_feedforward_layernorm.weight]\u001b[A\n"}
,{"stream_name":"stderr","time":95.940499443,"data":"\rLoading weights:  98%|█████████▊| 283/288 [00:00\u003c00:00, 1429.46it/s, Materializing param=layers.25.pre_feedforward_layernorm.weight] \u001b[A\n"}
,{"stream_name":"stderr","time":95.940774357,"data":"\rLoading weights:  98%|█████████▊| 283/288 [00:00\u003c00:00, 1429.46it/s, Materializing param=layers.25.pre_feedforward_layernorm.weight]\u001b[A\n"}
,{"stream_name":"stderr","time":95.940911373,"data":"\rLoading weights:  99%|█████████▊| 284/288 [00:00\u003c00:00, 1429.46it/s, Materializing param=layers.25.self_attn.k_proj.weight]         \u001b[A\n"}
,{"stream_name":"stderr","time":95.941213587,"data":"\rLoading weights:  99%|█████████▊| 284/288 [00:00\u003c00:00, 1429.46it/s, Materializing param=layers.25.self_attn.k_proj.weight]\u001b[A\n"}
,{"stream_name":"stderr","time":95.941319253,"data":"\rLoading weights:  99%|█████████▉| 285/288 [00:00\u003c00:00, 1429.46it/s, Materializing param=layers.25.self_attn.o_proj.weight]\u001b[A\n"}
,{"stream_name":"stderr","time":95.941782104,"data":"\rLoading weights:  99%|█████████▉| 285/288 [00:00\u003c00:00, 1429.46it/s, Materializing param=layers.25.self_attn.o_proj.weight]\u001b[A\n"}
,{"stream_name":"stderr","time":95.94179782,"data":"\rLoading weights:  99%|█████████▉| 286/288 [00:00\u003c00:00, 1429.46it/s, Materializing param=layers.25.self_attn.q_proj.weight]\u001b[A\n"}
,{"stream_name":"stderr","time":95.942068799,"data":"\rLoading weights:  99%|█████████▉| 286/288 [00:00\u003c00:00, 1429.46it/s, Materializing param=layers.25.self_attn.q_proj.weight]\u001b[A\n"}
,{"stream_name":"stderr","time":95.942206279,"data":"\rLoading weights: 100%|█████████▉| 287/288 [00:00\u003c00:00, 1429.46it/s, Materializing param=layers.25.self_attn.v_proj.weight]\u001b[A\n"}
,{"stream_name":"stderr","time":95.94248758,"data":"\rLoading weights: 100%|█████████▉| 287/288 [00:00\u003c00:00, 1429.46it/s, Materializing param=layers.25.self_attn.v_proj.weight]\u001b[A\n"}
,{"stream_name":"stderr","time":95.942598733,"data":"\rLoading weights: 100%|██████████| 288/288 [00:00\u003c00:00, 1429.46it/s, Materializing param=norm.weight]                      \u001b[A\n"}
,{"stream_name":"stderr","time":95.943055746,"data":"\rLoading weights: 100%|██████████| 288/288 [00:00\u003c00:00, 1429.46it/s, Materializing param=norm.weight]\u001b[A\rLoading weights: 100%|██████████| 288/288 [00:00\u003c00:00, 1352.46it/s, Materializing param=norm.weight]\n"}
,{"stream_name":"stderr","time":101.862899141,"data":"\rLoading pipeline components...:  20%|██        | 1/5 [00:00\u003c00:02,  1.59it/s]\rLoading pipeline components...:  40%|████      | 2/5 [00:01\u003c00:03,  1.04s/it]\rLoading pipeline components...:  60%|██████    | 3/5 [00:02\u003c00:01,  1.30it/s]\rLoading pipeline components...: 100%|██████████| 5/5 [00:06\u003c00:00,  1.50s/it]\rLoading pipeline components...: 100%|██████████| 5/5 [00:06\u003c00:00,  1.31s/it]\n"}
,{"stream_name":"stdout","time":105.144008127,"data":"[sana_batch] GPU Tesla T4 | vae=torch.float32 transformer=torch.bfloat16\n"}
,{"stream_name":"stderr","time":108.549768353,"data":"\r  0%|          | 0/2 [00:00\u003c?, ?it/s]\r 50%|█████     | 1/2 [00:00\u003c00:00,  1.53it/s]\r100%|██████████| 2/2 [00:01\u003c00:00,  1.01s/it]\r100%|██████████| 2/2 [00:01\u003c00:00,  1.04it/s]\n"}
,{"stream_name":"stdout","time":114.340870684,"data":"[sana_batch] {\"id\": \"s01_01\", \"file\": \"/kaggle/working/output/batch/s01_01.png\", \"bytes\": 1393657, \"pixel_std\": 65.5, \"seed\": 1000, \"elapsed_seconds\": 8.58, \"peak_vram_mb\": 12684.6, \"gate_passed\": true}\n"}
,{"stream_name":"stderr","time":117.23694607,"data":"\r  0%|          | 0/2 [00:00\u003c?, ?it/s]\r 50%|█████     | 1/2 [00:00\u003c00:00,  1.60it/s]\r100%|██████████| 2/2 [00:01\u003c00:00,  1.06s/it]\r100%|██████████| 2/2 [00:01\u003c00:00,  1.01it/s]\n"}
,{"stream_name":"stdout","time":120.858402773,"data":"[sana_batch] {\"id\": \"s01_02\", \"file\": \"/kaggle/working/output/batch/s01_02.png\", \"bytes\": 1458095, \"pixel_std\": 71.31, \"seed\": 1001, \"elapsed_seconds\": 5.94, \"peak_vram_mb\": 12684.6, \"gate_passed\": true}\n"}
,{"stream_name":"stderr","time":123.927839005,"data":"\r  0%|          | 0/2 [00:00\u003c?, ?it/s]\r 50%|█████     | 1/2 [00:00\u003c00:00,  1.51it/s]\r100%|██████████| 2/2 [00:02\u003c00:00,  1.12s/it]\r100%|██████████| 2/2 [00:02\u003c00:00,  1.05s/it]\n"}
,{"stream_name":"stdout","time":127.807855336,"data":"[sana_batch] {\"id\": \"s02_03\", \"file\": \"/kaggle/working/output/batch/s02_03.png\", \"bytes\": 1440112, \"pixel_std\": 57.98, \"seed\": 1002, \"elapsed_seconds\": 6.34, \"peak_vram_mb\": 12684.6, \"gate_passed\": true}\n"}
,{"stream_name":"stderr","time":131.571753392,"data":"\r  0%|          | 0/2 [00:00\u003c?, ?it/s]\r 50%|█████     | 1/2 [00:00\u003c00:00,  1.39it/s]\r100%|██████████| 2/2 [00:02\u003c00:00,  1.47s/it]\r100%|██████████| 2/2 [00:02\u003c00:00,  1.36s/it]\n"}
,{"stream_name":"stdout","time":136.721976254,"data":"[sana_batch] {\"id\": \"s03_04\", \"file\": \"/kaggle/working/output/batch/s03_04.png\", \"bytes\": 1554692, \"pixel_std\": 66.95, \"seed\": 1003, \"elapsed_seconds\": 8.36, \"peak_vram_mb\": 12684.6, \"gate_passed\": true}\n"}
,{"stream_name":"stderr","time":141.532477524,"data":"\r  0%|          | 0/2 [00:00\u003c?, ?it/s]\r 50%|█████     | 1/2 [00:01\u003c00:01,  1.08s/it]\r100%|██████████| 2/2 [00:03\u003c00:00,  1.85s/it]\r100%|██████████| 2/2 [00:03\u003c00:00,  1.74s/it]\n"}
,{"stream_name":"stdout","time":146.981528411,"data":"[sana_batch] {\"id\": \"s03_05\", \"file\": \"/kaggle/working/output/batch/s03_05.png\", \"bytes\": 1441018, \"pixel_std\": 67.41, \"seed\": 1004, \"elapsed_seconds\": 9.67, \"peak_vram_mb\": 12684.6, \"gate_passed\": true}\n"}
,{"stream_name":"stderr","time":151.608774432,"data":"\r  0%|          | 0/2 [00:00\u003c?, ?it/s]\r 50%|█████     | 1/2 [00:01\u003c00:01,  1.21s/it]\r100%|██████████| 2/2 [00:03\u003c00:00,  1.71s/it]\r100%|██████████| 2/2 [00:03\u003c00:00,  1.63s/it]\n"}
,{"stream_name":"stdout","time":157.16116676,"data":"[sana_batch] {\"id\": \"s04_06\", \"file\": \"/kaggle/working/output/batch/s04_06.png\", \"bytes\": 1557424, \"pixel_std\": 54.61, \"seed\": 1005, \"elapsed_seconds\": 9.57, \"peak_vram_mb\": 12684.6, \"gate_passed\": true}\n"}
,{"stream_name":"stderr","time":161.698158991,"data":"\r  0%|          | 0/2 [00:00\u003c?, ?it/s]\r 50%|█████     | 1/2 [00:00\u003c00:00,  1.18it/s]\r100%|██████████| 2/2 [00:03\u003c00:00,  1.78s/it]\r100%|██████████| 2/2 [00:03\u003c00:00,  1.64s/it]\n"}
,{"stream_name":"stdout","time":166.587980867,"data":"[sana_batch] {\"id\": \"s04_07\", \"file\": \"/kaggle/working/output/batch/s04_07.png\", \"bytes\": 1570424, \"pixel_std\": 58.74, \"seed\": 1006, \"elapsed_seconds\": 8.8, \"peak_vram_mb\": 12684.6, \"gate_passed\": true}\n"}
,{"stream_name":"stderr","time":170.592381341,"data":"\r  0%|          | 0/2 [00:00\u003c?, ?it/s]\r 50%|█████     | 1/2 [00:00\u003c00:00,  1.37it/s]\r100%|██████████| 2/2 [00:02\u003c00:00,  1.56s/it]\r100%|██████████| 2/2 [00:02\u003c00:00,  1.44s/it]\n"}
,{"stream_name":"stdout","time":175.123696272,"data":"[sana_batch] {\"id\": \"s04_08\", \"file\": \"/kaggle/working/output/batch/s04_08.png\", \"bytes\": 1499606, \"pixel_std\": 72.52, \"seed\": 1007, \"elapsed_seconds\": 7.97, \"peak_vram_mb\": 12684.6, \"gate_passed\": true}\n"}
,{"stream_name":"stderr","time":178.897897907,"data":"\r  0%|          | 0/2 [00:00\u003c?, ?it/s]\r 50%|█████     | 1/2 [00:00\u003c00:00,  1.11it/s]\r100%|██████████| 2/2 [00:02\u003c00:00,  1.43s/it]\r100%|██████████| 2/2 [00:02\u003c00:00,  1.35s/it]\n"}
,{"stream_name":"stdout","time":183.394199259,"data":"[sana_batch] {\"id\": \"s04_09\", \"file\": \"/kaggle/working/output/batch/s04_09.png\", \"bytes\": 1513303, \"pixel_std\": 71.34, \"seed\": 1008, \"elapsed_seconds\": 7.7, \"peak_vram_mb\": 12684.6, \"gate_passed\": true}\n"}
,{"stream_name":"stderr","time":186.950595555,"data":"\r  0%|          | 0/2 [00:00\u003c?, ?it/s]\r 50%|█████     | 1/2 [00:00\u003c00:00,  1.37it/s]\r100%|██████████| 2/2 [00:02\u003c00:00,  1.34s/it]\r100%|██████████| 2/2 [00:02\u003c00:00,  1.25s/it]\n"}
,{"stream_name":"stdout","time":191.58759213,"data":"[sana_batch] {\"id\": \"s05_10\", \"file\": \"/kaggle/working/output/batch/s05_10.png\", \"bytes\": 1421154, \"pixel_std\": 56.19, \"seed\": 1009, \"elapsed_seconds\": 7.55, \"peak_vram_mb\": 12684.6, \"gate_passed\": true}\n"}
,{"stream_name":"stderr","time":194.936851415,"data":"\r  0%|          | 0/2 [00:00\u003c?, ?it/s]\r 50%|█████     | 1/2 [00:00\u003c00:00,  1.38it/s]\r100%|██████████| 2/2 [00:02\u003c00:00,  1.22s/it]\r100%|██████████| 2/2 [00:02\u003c00:00,  1.15s/it]\n"}
,{"stream_name":"stdout","time":199.181886172,"data":"[sana_batch] {\"id\": \"s05_11\", \"file\": \"/kaggle/working/output/batch/s05_11.png\", \"bytes\": 1416719, \"pixel_std\": 62.51, \"seed\": 1010, \"elapsed_seconds\": 7.04, \"peak_vram_mb\": 12684.6, \"gate_passed\": true}\n"}
,{"stream_name":"stderr","time":202.695899265,"data":"\r  0%|          | 0/2 [00:00\u003c?, ?it/s]\r 50%|█████     | 1/2 [00:00\u003c00:00,  1.37it/s]\r100%|██████████| 2/2 [00:02\u003c00:00,  1.31s/it]\r100%|██████████| 2/2 [00:02\u003c00:00,  1.22s/it]\n"}
,{"stream_name":"stdout","time":206.961104515,"data":"[sana_batch] {\"id\": \"s06_12\", \"file\": \"/kaggle/working/output/batch/s06_12.png\", \"bytes\": 1460838, \"pixel_std\": 70.42, \"seed\": 1011, \"elapsed_seconds\": 7.18, \"peak_vram_mb\": 12684.6, \"gate_passed\": true}\n"}
,{"stream_name":"stderr","time":210.307258166,"data":"\r  0%|          | 0/2 [00:00\u003c?, ?it/s]\r 50%|█████     | 1/2 [00:00\u003c00:00,  1.37it/s]\r100%|██████████| 2/2 [00:02\u003c00:00,  1.22s/it]\r100%|██████████| 2/2 [00:02\u003c00:00,  1.15s/it]\n"}
,{"stream_name":"stdout","time":214.629234985,"data":"[sana_batch] {\"id\": \"s07_13\", \"file\": \"/kaggle/working/output/batch/s07_13.png\", \"bytes\": 1514596, \"pixel_std\": 64.43, \"seed\": 1012, \"elapsed_seconds\": 7.1, \"peak_vram_mb\": 12684.6, \"gate_passed\": true}\n"}
,{"stream_name":"stderr","time":217.947898208,"data":"\r  0%|          | 0/2 [00:00\u003c?, ?it/s]\r 50%|█████     | 1/2 [00:00\u003c00:00,  1.39it/s]\r100%|██████████| 2/2 [00:02\u003c00:00,  1.21s/it]\r100%|██████████| 2/2 [00:02\u003c00:00,  1.13s/it]\n"}
,{"stream_name":"stdout","time":222.079251768,"data":"[sana_batch] {\"id\": \"s07_14\", \"file\": \"/kaggle/working/output/batch/s07_14.png\", \"bytes\": 1410317, \"pixel_std\": 64.78, \"seed\": 1013, \"elapsed_seconds\": 6.93, \"peak_vram_mb\": 12684.6, \"gate_passed\": true}\n"}
,{"stream_name":"stdout","time":222.079621563,"data":"[sana_batch] DONE total=14 failed=0\n"}
,{"stream_name":"stderr","time":228.247596509,"data":"/usr/local/lib/python3.12/dist-packages/mistune.py:435: SyntaxWarning: invalid escape sequence '\\|'\n"}
,{"stream_name":"stderr","time":228.247636374,"data":"  cells[i][c] = re.sub('\\\\\\\\\\|', '|', cell)\n"}
,{"stream_name":"stderr","time":228.512525177,"data":"/usr/local/lib/python3.12/dist-packages/nbconvert/filters/filter_links.py:36: SyntaxWarning: invalid escape sequence '\\_'\n"}
,{"stream_name":"stderr","time":228.512554714,"data":"  text = re.sub(r'_', '\\_', text) # Escape underscores in display text\n"}
,{"stream_name":"stderr","time":229.237861722,"data":"[NbConvertApp] Converting notebook __script__.ipynb to html\n"}
,{"stream_name":"stderr","time":230.707248158,"data":"[NbConvertApp] Writing 304799 bytes to __results__.html\n"}
]