[{"stream_name":"stderr","time":57.886544344,"data":"Flax classes are deprecated and will be removed in Diffusers v1.0.0. We recommend migrating to PyTorch classes or pinning your version of Diffusers.\n"}
,{"stream_name":"stderr","time":57.887245394,"data":"Flax classes are deprecated and will be removed in Diffusers v1.0.0. We recommend migrating to PyTorch classes or pinning your version of Diffusers.\n"}
,{"stream_name":"stdout","time":58.525401209,"data":"[sana_sprint] GPU: Tesla T4\n"}
,{"stream_name":"stderr","time":59.029628527,"data":"\rFetching 14 files:   0%|          | 0/14 [00:00\u003c?, ?it/s]Warning: You are sending unauthenticated requests to the HF Hub. Please set a HF_TOKEN to enable higher rate limits and faster downloads.\n"}
,{"stream_name":"stderr","time":59.029660497,"data":"WARNING:huggingface_hub.utils._http:Warning: You are sending unauthenticated requests to the HF Hub. Please set a HF_TOKEN to enable higher rate limits and faster downloads.\n"}
,{"stream_name":"stderr","time":95.229578719,"data":"\rFetching 14 files:  14%|█▍        | 2/14 [00:00\u003c00:01,  8.88it/s]\rFetching 14 files:  29%|██▊       | 4/14 [00:36\u003c01:46, 10.65s/it]\rFetching 14 files: 100%|██████████| 14/14 [00:36\u003c00:00,  2.59s/it]\n"}
,{"stream_name":"stderr","time":95.574002399,"data":"\rLoading pipeline components...:   0%|          | 0/5 [00:00\u003c?, ?it/s]\n"}
,{"stream_name":"stderr","time":95.574351068,"data":"\rLoading weights:   0%|          | 0/288 [00:00\u003c?, ?it/s]\u001b[A\n"}
,{"stream_name":"stderr","time":95.574467988,"data":"\rLoading weights:   0%|          | 1/288 [00:00\u003c00:00, 9510.89it/s, Materializing param=embed_tokens.weight]\u001b[A\n"}
,{"stream_name":"stderr","time":95.576146213,"data":"\rLoading weights:   0%|          | 1/288 [00:00\u003c00:00, 939.79it/s, Materializing param=embed_tokens.weight] \u001b[A\n"}
,{"stream_name":"stderr","time":95.576314226,"data":"\rLoading weights:   1%|          | 2/288 [00:00\u003c00:00, 956.29it/s, Materializing param=layers.0.input_layernorm.weight]\u001b[A\n"}
,{"stream_name":"stderr","time":95.577187917,"data":"\rLoading weights:   1%|          | 2/288 [00:00\u003c00:00, 859.66it/s, Materializing param=layers.0.input_layernorm.weight]\u001b[A\n"}
,{"stream_name":"stderr","time":95.577653652,"data":"\rLoading weights:   1%|          | 3/288 [00:00\u003c00:00, 947.65it/s, Materializing param=layers.0.mlp.down_proj.weight]  \u001b[A\n"}
,{"stream_name":"stderr","time":95.578496291,"data":"\rLoading weights:   1%|          | 3/288 [00:00\u003c00:00, 782.71it/s, Materializing param=layers.0.mlp.down_proj.weight]\u001b[A\n"}
,{"stream_name":"stderr","time":95.578583527,"data":"\rLoading weights:   1%|▏         | 4/288 [00:00\u003c00:00, 899.92it/s, Materializing param=layers.0.mlp.gate_proj.weight]\u001b[A\n"}
,{"stream_name":"stderr","time":95.580118728,"data":"\rLoading weights:   1%|▏         | 4/288 [00:00\u003c00:00, 872.40it/s, Materializing param=layers.0.mlp.gate_proj.weight]\u001b[A\n"}
,{"stream_name":"stderr","time":95.580675478,"data":"\rLoading weights:   2%|▏         | 5/288 [00:00\u003c00:00, 789.35it/s, Materializing param=layers.0.mlp.up_proj.weight]  \u001b[A\n"}
,{"stream_name":"stderr","time":95.581642096,"data":"\rLoading weights:   2%|▏         | 5/288 [00:00\u003c00:00, 751.13it/s, Materializing param=layers.0.mlp.up_proj.weight]\u001b[A\n"}
,{"stream_name":"stderr","time":95.582504483,"data":"\rLoading weights:   2%|▏         | 6/288 [00:00\u003c00:00, 748.47it/s, Materializing param=layers.0.post_attention_layernorm.weight]\u001b[A\n"}
,{"stream_name":"stderr","time":95.583841161,"data":"\rLoading weights:   2%|▏         | 6/288 [00:00\u003c00:00, 698.45it/s, Materializing param=layers.0.post_attention_layernorm.weight]\u001b[A\n"}
,{"stream_name":"stderr","time":95.584772573,"data":"\rLoading weights:   2%|▏         | 7/288 [00:00\u003c00:00, 672.46it/s, Materializing param=layers.0.post_feedforward_layernorm.weight]\u001b[A\n"}
,{"stream_name":"stderr","time":95.585891979,"data":"\rLoading weights:   2%|▏         | 7/288 [00:00\u003c00:00, 651.36it/s, Materializing param=layers.0.post_feedforward_layernorm.weight]\u001b[A\n"}
,{"stream_name":"stderr","time":95.586976322,"data":"\rLoading weights:   3%|▎         | 8/288 [00:00\u003c00:00, 624.55it/s, Materializing param=layers.0.pre_feedforward_layernorm.weight] \u001b[A\n"}
,{"stream_name":"stderr","time":95.58788846,"data":"\rLoading weights:   3%|▎         | 8/288 [00:00\u003c00:00, 616.90it/s, Materializing param=layers.0.pre_feedforward_layernorm.weight]\u001b[A\n"}
,{"stream_name":"stderr","time":95.588301769,"data":"\rLoading weights:   3%|▎         | 9/288 [00:00\u003c00:00, 650.28it/s, Materializing param=layers.0.self_attn.k_proj.weight]         \u001b[A\n"}
,{"stream_name":"stderr","time":95.588762564,"data":"\rLoading weights:   3%|▎         | 9/288 [00:00\u003c00:00, 623.49it/s, Materializing param=layers.0.self_attn.k_proj.weight]\u001b[A\n"}
,{"stream_name":"stderr","time":95.58907259,"data":"\rLoading weights:   3%|▎         | 10/288 [00:00\u003c00:00, 672.10it/s, Materializing param=layers.0.self_attn.o_proj.weight]\u001b[A\n"}
,{"stream_name":"stderr","time":95.590880189,"data":"\rLoading weights:   3%|▎         | 10/288 [00:00\u003c00:00, 634.60it/s, Materializing param=layers.0.self_attn.o_proj.weight]\u001b[A\n"}
,{"stream_name":"stderr","time":95.591065608,"data":"\rLoading weights:   4%|▍         | 11/288 [00:00\u003c00:00, 653.36it/s, Materializing param=layers.0.self_attn.q_proj.weight]\u001b[A\n"}
,{"stream_name":"stderr","time":95.592368288,"data":"\rLoading weights:   4%|▍         | 11/288 [00:00\u003c00:00, 625.33it/s, Materializing param=layers.0.self_attn.q_proj.weight]\u001b[A\n"}
,{"stream_name":"stderr","time":95.592516254,"data":"\rLoading weights:   4%|▍         | 12/288 [00:00\u003c00:00, 655.38it/s, Materializing param=layers.0.self_attn.v_proj.weight]\u001b[A\n"}
,{"stream_name":"stderr","time":95.593267214,"data":"\rLoading weights:   4%|▍         | 12/288 [00:00\u003c00:00, 649.33it/s, Materializing param=layers.0.self_attn.v_proj.weight]\u001b[A\n"}
,{"stream_name":"stderr","time":95.59347944,"data":"\rLoading weights:   5%|▍         | 13/288 [00:00\u003c00:00, 676.11it/s, Materializing param=layers.1.input_layernorm.weight] \u001b[A\n"}
,{"stream_name":"stderr","time":95.594294566,"data":"\rLoading weights:   5%|▍         | 13/288 [00:00\u003c00:00, 653.42it/s, Materializing param=layers.1.input_layernorm.weight]\u001b[A\n"}
,{"stream_name":"stderr","time":95.594594816,"data":"\rLoading weights:   5%|▍         | 14/288 [00:00\u003c00:00, 685.04it/s, Materializing param=layers.1.mlp.down_proj.weight]  \u001b[A\n"}
,{"stream_name":"stderr","time":95.596112257,"data":"\rLoading weights:   5%|▍         | 14/288 [00:00\u003c00:00, 654.18it/s, Materializing param=layers.1.mlp.down_proj.weight]\u001b[A\n"}
,{"stream_name":"stderr","time":95.596631583,"data":"\rLoading weights:   5%|▌         | 15/288 [00:00\u003c00:00, 679.85it/s, Materializing param=layers.1.mlp.gate_proj.weight]\u001b[A\n"}
,{"stream_name":"stderr","time":95.59866999,"data":"\rLoading weights:   5%|▌         | 15/288 [00:00\u003c00:00, 650.10it/s, Materializing param=layers.1.mlp.gate_proj.weight]\u001b[A\n"}
,{"stream_name":"stderr","time":95.59914711,"data":"\rLoading weights:   6%|▌         | 16/288 [00:00\u003c00:00, 641.80it/s, Materializing param=layers.1.mlp.up_proj.weight]  \u001b[A\n"}
,{"stream_name":"stderr","time":95.600227375,"data":"\rLoading weights:   6%|▌         | 16/288 [00:00\u003c00:00, 628.96it/s, Materializing param=layers.1.mlp.up_proj.weight]\u001b[A\n"}
,{"stream_name":"stderr","time":95.601007447,"data":"\rLoading weights:   6%|▌         | 17/288 [00:00\u003c00:00, 634.80it/s, Materializing param=layers.1.post_attention_layernorm.weight]\u001b[A\n"}
,{"stream_name":"stderr","time":95.601892822,"data":"\rLoading weights:   6%|▌         | 17/288 [00:00\u003c00:00, 627.01it/s, Materializing param=layers.1.post_attention_layernorm.weight]\u001b[A\n"}
,{"stream_name":"stderr","time":95.60204339,"data":"\rLoading weights:   6%|▋         | 18/288 [00:00\u003c00:00, 646.45it/s, Materializing param=layers.1.post_feedforward_layernorm.weight]\u001b[A\n"}
,{"stream_name":"stderr","time":95.602802994,"data":"\rLoading weights:   6%|▋         | 18/288 [00:00\u003c00:00, 643.00it/s, Materializing param=layers.1.post_feedforward_layernorm.weight]\u001b[A\n"}
,{"stream_name":"stderr","time":95.603111017,"data":"\rLoading weights:   7%|▋         | 19/288 [00:00\u003c00:00, 656.40it/s, Materializing param=layers.1.pre_feedforward_layernorm.weight] \u001b[A\n"}
,{"stream_name":"stderr","time":95.603798412,"data":"\rLoading weights:   7%|▋         | 19/288 [00:00\u003c00:00, 653.37it/s, Materializing param=layers.1.pre_feedforward_layernorm.weight]\u001b[A\n"}
,{"stream_name":"stderr","time":95.605000477,"data":"\rLoading weights:   7%|▋         | 20/288 [00:00\u003c00:00, 672.09it/s, Materializing param=layers.1.self_attn.k_proj.weight]         \u001b[A\n"}
,{"stream_name":"stderr","time":95.606005298,"data":"\rLoading weights:   7%|▋         | 20/288 [00:00\u003c00:00, 642.73it/s, Materializing param=layers.1.self_attn.k_proj.weight]\u001b[A\n"}
,{"stream_name":"stderr","time":95.606148811,"data":"\rLoading weights:   7%|▋         | 21/288 [00:00\u003c00:00, 657.06it/s, Materializing param=layers.1.self_attn.o_proj.weight]\u001b[A\n"}
,{"stream_name":"stderr","time":95.606655068,"data":"\rLoading weights:   7%|▋         | 21/288 [00:00\u003c00:00, 653.67it/s, Materializing param=layers.1.self_attn.o_proj.weight]\u001b[A\n"}
,{"stream_name":"stderr","time":95.60694076,"data":"\rLoading weights:   8%|▊         | 22/288 [00:00\u003c00:00, 671.29it/s, Materializing param=layers.1.self_attn.q_proj.weight]\u001b[A\n"}
,{"stream_name":"stderr","time":95.60787154,"data":"\rLoading weights:   8%|▊         | 22/288 [00:00\u003c00:00, 668.20it/s, Materializing param=layers.1.self_attn.q_proj.weight]\u001b[A\n"}
,{"stream_name":"stderr","time":95.608163062,"data":"\rLoading weights:   8%|▊         | 23/288 [00:00\u003c00:00, 679.88it/s, Materializing param=layers.1.self_attn.v_proj.weight]\u001b[A\n"}
,{"stream_name":"stderr","time":95.608558796,"data":"\rLoading weights:   8%|▊         | 23/288 [00:00\u003c00:00, 676.98it/s, Materializing param=layers.1.self_attn.v_proj.weight]\u001b[A\n"}
,{"stream_name":"stderr","time":95.609674418,"data":"\rLoading weights:   8%|▊         | 24/288 [00:00\u003c00:00, 691.62it/s, Materializing param=layers.2.input_layernorm.weight] \u001b[A\n"}
,{"stream_name":"stderr","time":95.61112214,"data":"\rLoading weights:   8%|▊         | 24/288 [00:00\u003c00:00, 666.66it/s, Materializing param=layers.2.input_layernorm.weight]\u001b[A\n"}
,{"stream_name":"stderr","time":95.61142495,"data":"\rLoading weights:   9%|▊         | 25/288 [00:00\u003c00:00, 674.23it/s, Materializing param=layers.2.mlp.down_proj.weight]  \u001b[A\n"}
,{"stream_name":"stderr","time":95.61230067,"data":"\rLoading weights:   9%|▊         | 25/288 [00:00\u003c00:00, 662.91it/s, Materializing param=layers.2.mlp.down_proj.weight]\u001b[A\n"}
,{"stream_name":"stderr","time":95.612809146,"data":"\rLoading weights:   9%|▉         | 26/288 [00:00\u003c00:00, 673.04it/s, Materializing param=layers.2.mlp.gate_proj.weight]\u001b[A\n"}
,{"stream_name":"stderr","time":95.613732595,"data":"\rLoading weights:   9%|▉         | 26/288 [00:00\u003c00:00, 670.38it/s, Materializing param=layers.2.mlp.gate_proj.weight]\u001b[A\n"}
,{"stream_name":"stderr","time":95.613963456,"data":"\rLoading weights:   9%|▉         | 27/288 [00:00\u003c00:00, 678.54it/s, Materializing param=layers.2.mlp.up_proj.weight]  \u001b[A\n"}
,{"stream_name":"stderr","time":95.61485073,"data":"\rLoading weights:   9%|▉         | 27/288 [00:00\u003c00:00, 676.05it/s, Materializing param=layers.2.mlp.up_proj.weight]\u001b[A\n"}
,{"stream_name":"stderr","time":95.614980873,"data":"\rLoading weights:  10%|▉         | 28/288 [00:00\u003c00:00, 686.14it/s, Materializing param=layers.2.post_attention_layernorm.weight]\u001b[A\n"}
,{"stream_name":"stderr","time":95.615311981,"data":"\rLoading weights:  10%|▉         | 28/288 [00:00\u003c00:00, 683.80it/s, Materializing param=layers.2.post_attention_layernorm.weight]\u001b[A\n"}
,{"stream_name":"stderr","time":95.615451193,"data":"\rLoading weights:  10%|█         | 29/288 [00:00\u003c00:00, 702.73it/s, Materializing param=layers.2.post_feedforward_layernorm.weight]\u001b[A\n"}
,{"stream_name":"stderr","time":95.61580091,"data":"\rLoading weights:  10%|█         | 29/288 [00:00\u003c00:00, 699.86it/s, Materializing param=layers.2.post_feedforward_layernorm.weight]\u001b[A\n"}
,{"stream_name":"stderr","time":95.615941385,"data":"\rLoading weights:  10%|█         | 30/288 [00:00\u003c00:00, 718.34it/s, Materializing param=layers.2.pre_feedforward_layernorm.weight] \u001b[A\n"}
,{"stream_name":"stderr","time":95.617108401,"data":"\rLoading weights:  10%|█         | 30/288 [00:00\u003c00:00, 706.07it/s, Materializing param=layers.2.pre_feedforward_layernorm.weight]\u001b[A\n"}
,{"stream_name":"stderr","time":95.617795895,"data":"\rLoading weights:  11%|█         | 31/288 [00:00\u003c00:00, 710.41it/s, Materializing param=layers.2.self_attn.k_proj.weight]         \u001b[A\n"}
,{"stream_name":"stderr","time":95.618362514,"data":"\rLoading weights:  11%|█         | 31/288 [00:00\u003c00:00, 706.70it/s, Materializing param=layers.2.self_attn.k_proj.weight]\u001b[A\n"}
,{"stream_name":"stderr","time":95.6191691,"data":"\rLoading weights:  11%|█         | 32/288 [00:00\u003c00:00, 722.36it/s, Materializing param=layers.2.self_attn.o_proj.weight]\u001b[A\n"}
,{"stream_name":"stderr","time":95.621109255,"data":"\rLoading weights:  11%|█         | 32/288 [00:00\u003c00:00, 698.19it/s, Materializing param=layers.2.self_attn.o_proj.weight]\u001b[A\n"}
,{"stream_name":"stderr","time":95.621376675,"data":"\rLoading weights:  11%|█▏        | 33/288 [00:00\u003c00:00, 699.24it/s, Materializing param=layers.2.self_attn.q_proj.weight]\u001b[A\n"}
,{"stream_name":"stderr","time":95.623045105,"data":"\rLoading weights:  11%|█▏        | 33/288 [00:00\u003c00:00, 691.43it/s, Materializing param=layers.2.self_attn.q_proj.weight]\u001b[A\n"}
,{"stream_name":"stderr","time":95.623699833,"data":"\rLoading weights:  12%|█▏        | 34/288 [00:00\u003c00:00, 693.68it/s, Materializing param=layers.2.self_attn.v_proj.weight]\u001b[A\n"}
,{"stream_name":"stderr","time":95.62460669,"data":"\rLoading weights:  12%|█▏        | 34/288 [00:00\u003c00:00, 683.29it/s, Materializing param=layers.2.self_attn.v_proj.weight]\u001b[A\n"}
,{"stream_name":"stderr","time":95.626255796,"data":"\rLoading weights:  12%|█▏        | 35/288 [00:00\u003c00:00, 680.25it/s, Materializing param=layers.3.input_layernorm.weight] \u001b[A\n"}
,{"stream_name":"stderr","time":95.626893168,"data":"\rLoading weights:  12%|█▏        | 35/288 [00:00\u003c00:00, 666.74it/s, Materializing param=layers.3.input_layernorm.weight]\u001b[A\n"}
,{"stream_name":"stderr","time":95.627677447,"data":"\rLoading weights:  12%|█▎        | 36/288 [00:00\u003c00:00, 673.60it/s, Materializing param=layers.3.mlp.down_proj.weight]  \u001b[A\n"}
,{"stream_name":"stderr","time":95.62880627,"data":"\rLoading weights:  12%|█▎        | 36/288 [00:00\u003c00:00, 669.53it/s, Materializing param=layers.3.mlp.down_proj.weight]\u001b[A\n"}
,{"stream_name":"stderr","time":95.62911507,"data":"\rLoading weights:  13%|█▎        | 37/288 [00:00\u003c00:00, 673.88it/s, Materializing param=layers.3.mlp.gate_proj.weight]\u001b[A\n"}
,{"stream_name":"stderr","time":95.630924377,"data":"\rLoading weights:  13%|█▎        | 37/288 [00:00\u003c00:00, 666.26it/s, Materializing param=layers.3.mlp.gate_proj.weight]\u001b[A\n"}
,{"stream_name":"stderr","time":95.631110454,"data":"\rLoading weights:  13%|█▎        | 38/288 [00:00\u003c00:00, 668.07it/s, Materializing param=layers.3.mlp.up_proj.weight]  \u001b[A\n"}
,{"stream_name":"stderr","time":95.632172204,"data":"\rLoading weights:  13%|█▎        | 38/288 [00:00\u003c00:00, 664.67it/s, Materializing param=layers.3.mlp.up_proj.weight]\u001b[A\n"}
,{"stream_name":"stderr","time":95.632511674,"data":"\rLoading weights:  14%|█▎        | 39/288 [00:00\u003c00:00, 668.67it/s, Materializing param=layers.3.post_attention_layernorm.weight]\u001b[A\n"}
,{"stream_name":"stderr","time":95.633299507,"data":"\rLoading weights:  14%|█▎        | 39/288 [00:00\u003c00:00, 666.70it/s, Materializing param=layers.3.post_attention_layernorm.weight]\u001b[A\n"}
,{"stream_name":"stderr","time":95.634174313,"data":"\rLoading weights:  14%|█▍        | 40/288 [00:00\u003c00:00, 666.81it/s, Materializing param=layers.3.post_feedforward_layernorm.weight]\u001b[A\n"}
,{"stream_name":"stderr","time":95.634765278,"data":"\rLoading weights:  14%|█▍        | 40/288 [00:00\u003c00:00, 664.84it/s, Materializing param=layers.3.post_feedforward_layernorm.weight]\u001b[A\n"}
,{"stream_name":"stderr","time":95.635832976,"data":"\rLoading weights:  14%|█▍        | 41/288 [00:00\u003c00:00, 670.93it/s, Materializing param=layers.3.pre_feedforward_layernorm.weight] \u001b[A\n"}
,{"stream_name":"stderr","time":95.63658356,"data":"\rLoading weights:  14%|█▍        | 41/288 [00:00\u003c00:00, 663.57it/s, Materializing param=layers.3.pre_feedforward_layernorm.weight]\u001b[A\n"}
,{"stream_name":"stderr","time":95.636695174,"data":"\rLoading weights:  15%|█▍        | 42/288 [00:00\u003c00:00, 671.61it/s, Materializing param=layers.3.self_attn.k_proj.weight]         \u001b[A\n"}
,{"stream_name":"stderr","time":95.638332234,"data":"\rLoading weights:  15%|█▍        | 42/288 [00:00\u003c00:00, 668.26it/s, Materializing param=layers.3.self_attn.k_proj.weight]\u001b[A\n"}
,{"stream_name":"stderr","time":95.638655358,"data":"\rLoading weights:  15%|█▍        | 43/288 [00:00\u003c00:00, 669.04it/s, Materializing param=layers.3.self_attn.o_proj.weight]\u001b[A\n"}
,{"stream_name":"stderr","time":95.640082076,"data":"\rLoading weights:  15%|█▍        | 43/288 [00:00\u003c00:00, 665.22it/s, Materializing param=layers.3.self_attn.o_proj.weight]\u001b[A\n"}
,{"stream_name":"stderr","time":95.641812035,"data":"\rLoading weights:  15%|█▌        | 44/288 [00:00\u003c00:00, 662.28it/s, Materializing param=layers.3.self_attn.q_proj.weight]\u001b[A\n"}
,{"stream_name":"stderr","time":95.643009893,"data":"\rLoading weights:  15%|█▌        | 44/288 [00:00\u003c00:00, 649.91it/s, Materializing param=layers.3.self_attn.q_proj.weight]\u001b[A\n"}
,{"stream_name":"stderr","time":95.643828215,"data":"\rLoading weights:  16%|█▌        | 45/288 [00:00\u003c00:00, 652.68it/s, Materializing param=layers.3.self_attn.v_proj.weight]\u001b[A\n"}
,{"stream_name":"stderr","time":95.644740321,"data":"\rLoading weights:  16%|█▌        | 45/288 [00:00\u003c00:00, 643.40it/s, Materializing param=layers.3.self_attn.v_proj.weight]\u001b[A\n"}
,{"stream_name":"stderr","time":95.645511281,"data":"\rLoading weights:  16%|█▌        | 46/288 [00:00\u003c00:00, 644.98it/s, Materializing param=layers.4.input_layernorm.weight] \u001b[A\n"}
,{"stream_name":"stderr","time":95.646002077,"data":"\rLoading weights:  16%|█▌        | 46/288 [00:00\u003c00:00, 643.38it/s, Materializing param=layers.4.input_layernorm.weight]\u001b[A\n"}
,{"stream_name":"stderr","time":95.646405973,"data":"\rLoading weights:  16%|█▋        | 47/288 [00:00\u003c00:00, 651.76it/s, Materializing param=layers.4.mlp.down_proj.weight]  \u001b[A\n"}
,{"stream_name":"stderr","time":95.647253477,"data":"\rLoading weights:  16%|█▋        | 47/288 [00:00\u003c00:00, 645.23it/s, Materializing param=layers.4.mlp.down_proj.weight]\u001b[A\n"}
,{"stream_name":"stderr","time":95.647867832,"data":"\rLoading weights:  17%|█▋        | 48/288 [00:00\u003c00:00, 655.64it/s, Materializing param=layers.4.mlp.gate_proj.weight]\u001b[A\n"}
,{"stream_name":"stderr","time":95.649366519,"data":"\rLoading weights:  17%|█▋        | 48/288 [00:00\u003c00:00, 648.64it/s, Materializing param=layers.4.mlp.gate_proj.weight]\u001b[A\n"}
,{"stream_name":"stderr","time":95.650082752,"data":"\rLoading weights:  17%|█▋        | 49/288 [00:00\u003c00:00, 650.59it/s, Materializing param=layers.4.mlp.up_proj.weight]  \u001b[A\n"}
,{"stream_name":"stderr","time":95.651381354,"data":"\rLoading weights:  17%|█▋        | 49/288 [00:00\u003c00:00, 643.23it/s, Materializing param=layers.4.mlp.up_proj.weight]\u001b[A\n"}
,{"stream_name":"stderr","time":95.652007658,"data":"\rLoading weights:  17%|█▋        | 50/288 [00:00\u003c00:00, 646.79it/s, Materializing param=layers.4.post_attention_layernorm.weight]\u001b[A\n"}
,{"stream_name":"stderr","time":95.652442331,"data":"\rLoading weights:  17%|█▋        | 50/288 [00:00\u003c00:00, 640.41it/s, Materializing param=layers.4.post_attention_layernorm.weight]\u001b[A\n"}
,{"stream_name":"stderr","time":95.653418682,"data":"\rLoading weights:  18%|█▊        | 51/288 [00:00\u003c00:00, 650.55it/s, Materializing param=layers.4.post_feedforward_layernorm.weight]\u001b[A\n"}
,{"stream_name":"stderr","time":95.653918804,"data":"\rLoading weights:  18%|█▊        | 51/288 [00:00\u003c00:00, 642.62it/s, Materializing param=layers.4.post_feedforward_layernorm.weight]\u001b[A\n"}
,{"stream_name":"stderr","time":95.654213054,"data":"\rLoading weights:  18%|█▊        | 52/288 [00:00\u003c00:00, 651.09it/s, Materializing param=layers.4.pre_feedforward_layernorm.weight] \u001b[A\n"}
,{"stream_name":"stderr","time":95.654500465,"data":"\rLoading weights:  18%|█▊        | 52/288 [00:00\u003c00:00, 649.65it/s, Materializing param=layers.4.pre_feedforward_layernorm.weight]\u001b[A\n"}
,{"stream_name":"stderr","time":95.654669662,"data":"\rLoading weights:  18%|█▊        | 53/288 [00:00\u003c00:00, 658.77it/s, Materializing param=layers.4.self_attn.k_proj.weight]         \u001b[A\n"}
,{"stream_name":"stderr","time":95.657786706,"data":"\rLoading weights:  18%|█▊        | 53/288 [00:00\u003c00:00, 656.01it/s, Materializing param=layers.4.self_attn.k_proj.weight]\u001b[A\n"}
,{"stream_name":"stderr","time":95.658645623,"data":"\rLoading weights:  19%|█▉        | 54/288 [00:00\u003c00:00, 640.02it/s, Materializing param=layers.4.self_attn.o_proj.weight]\u001b[A\n"}
,{"stream_name":"stderr","time":95.662999557,"data":"\rLoading weights:  19%|█▉        | 54/288 [00:00\u003c00:00, 637.04it/s, Materializing param=layers.4.self_attn.o_proj.weight]\u001b[A\n"}
,{"stream_name":"stderr","time":95.663962764,"data":"\rLoading weights:  19%|█▉        | 55/288 [00:00\u003c00:00, 614.36it/s, Materializing param=layers.4.self_attn.q_proj.weight]\u001b[A\n"}
,{"stream_name":"stderr","time":95.665003655,"data":"\rLoading weights:  19%|█▉        | 55/288 [00:00\u003c00:00, 608.35it/s, Materializing param=layers.4.self_attn.q_proj.weight]\u001b[A\n"}
,{"stream_name":"stderr","time":95.665855884,"data":"\rLoading weights:  19%|█▉        | 56/288 [00:00\u003c00:00, 615.73it/s, Materializing param=layers.4.self_attn.v_proj.weight]\u001b[A\n"}
,{"stream_name":"stderr","time":95.66712395,"data":"\rLoading weights:  19%|█▉        | 56/288 [00:00\u003c00:00, 607.02it/s, Materializing param=layers.4.self_attn.v_proj.weight]\u001b[A\n"}
,{"stream_name":"stderr","time":95.668510477,"data":"\rLoading weights:  20%|█▉        | 57/288 [00:00\u003c00:00, 612.37it/s, Materializing param=layers.5.input_layernorm.weight] \u001b[A\n"}
,{"stream_name":"stderr","time":95.669622626,"data":"\rLoading weights:  20%|█▉        | 57/288 [00:00\u003c00:00, 598.58it/s, Materializing param=layers.5.input_layernorm.weight]\u001b[A\n"}
,{"stream_name":"stderr","time":95.669756404,"data":"\rLoading weights:  20%|██        | 58/288 [00:00\u003c00:00, 606.69it/s, Materializing param=layers.5.mlp.down_proj.weight]  \u001b[A\n"}
,{"stream_name":"stderr","time":95.670039922,"data":"\rLoading weights:  20%|██        | 58/288 [00:00\u003c00:00, 605.79it/s, Materializing param=layers.5.mlp.down_proj.weight]\u001b[A\n"}
,{"stream_name":"stderr","time":95.670275359,"data":"\rLoading weights:  20%|██        | 59/288 [00:00\u003c00:00, 613.99it/s, Materializing param=layers.5.mlp.gate_proj.weight]\u001b[A\n"}
,{"stream_name":"stderr","time":95.670793379,"data":"\rLoading weights:  20%|██        | 59/288 [00:00\u003c00:00, 613.06it/s, Materializing param=layers.5.mlp.gate_proj.weight]\u001b[A\n"}
,{"stream_name":"stderr","time":95.671722282,"data":"\rLoading weights:  21%|██        | 60/288 [00:00\u003c00:00, 620.26it/s, Materializing param=layers.5.mlp.up_proj.weight]  \u001b[A\n"}
,{"stream_name":"stderr","time":95.672825899,"data":"\rLoading weights:  21%|██        | 60/288 [00:00\u003c00:00, 612.54it/s, Materializing param=layers.5.mlp.up_proj.weight]\u001b[A\n"}
,{"stream_name":"stderr","time":95.672957751,"data":"\rLoading weights:  21%|██        | 61/288 [00:00\u003c00:00, 617.53it/s, Materializing param=layers.5.post_attention_layernorm.weight]\u001b[A\n"}
,{"stream_name":"stderr","time":95.673514182,"data":"\rLoading weights:  21%|██        | 61/288 [00:00\u003c00:00, 614.96it/s, Materializing param=layers.5.post_attention_layernorm.weight]\u001b[A\n"}
,{"stream_name":"stderr","time":95.673749286,"data":"\rLoading weights:  22%|██▏       | 62/288 [00:00\u003c00:00, 623.22it/s, Materializing param=layers.5.post_feedforward_layernorm.weight]\u001b[A\n"}
,{"stream_name":"stderr","time":95.673979564,"data":"\rLoading weights:  22%|██▏       | 62/288 [00:00\u003c00:00, 621.73it/s, Materializing param=layers.5.post_feedforward_layernorm.weight]\u001b[A\n"}
,{"stream_name":"stderr","time":95.674084371,"data":"\rLoading weights:  22%|██▏       | 63/288 [00:00\u003c00:00, 630.27it/s, Materializing param=layers.5.pre_feedforward_layernorm.weight] \u001b[A\n"}
,{"stream_name":"stderr","time":95.674346713,"data":"\rLoading weights:  22%|██▏       | 63/288 [00:00\u003c00:00, 629.58it/s, Materializing param=layers.5.pre_feedforward_layernorm.weight]\u001b[A\n"}
,{"stream_name":"stderr","time":95.674452559,"data":"\rLoading weights:  22%|██▏       | 64/288 [00:00\u003c00:00, 638.29it/s, Materializing param=layers.5.pre_feedforward_layernorm.weight]\u001b[A\n"}
,{"stream_name":"stderr","time":95.674572635,"data":"\rLoading weights:  22%|██▏       | 64/288 [00:00\u003c00:00, 638.29it/s, Materializing param=layers.5.self_attn.k_proj.weight]         \u001b[A\n"}
,{"stream_name":"stderr","time":95.674806922,"data":"\rLoading weights:  22%|██▏       | 64/288 [00:00\u003c00:00, 638.29it/s, Materializing param=layers.5.self_attn.k_proj.weight]\u001b[A\n"}
,{"stream_name":"stderr","time":95.674909321,"data":"\rLoading weights:  23%|██▎       | 65/288 [00:00\u003c00:00, 638.29it/s, Materializing param=layers.5.self_attn.o_proj.weight]\u001b[A\n"}
,{"stream_name":"stderr","time":95.675103559,"data":"\rLoading weights:  23%|██▎       | 65/288 [00:00\u003c00:00, 638.29it/s, Materializing param=layers.5.self_attn.o_proj.weight]\u001b[A\n"}
,{"stream_name":"stderr","time":95.675205358,"data":"\rLoading weights:  23%|██▎       | 66/288 [00:00\u003c00:00, 638.29it/s, Materializing param=layers.5.self_attn.q_proj.weight]\u001b[A\n"}
,{"stream_name":"stderr","time":95.675419407,"data":"\rLoading weights:  23%|██▎       | 66/288 [00:00\u003c00:00, 638.29it/s, Materializing param=layers.5.self_attn.q_proj.weight]\u001b[A\n"}
,{"stream_name":"stderr","time":95.675507066,"data":"\rLoading weights:  23%|██▎       | 67/288 [00:00\u003c00:00, 638.29it/s, Materializing param=layers.5.self_attn.v_proj.weight]\u001b[A\n"}
,{"stream_name":"stderr","time":95.675737327,"data":"\rLoading weights:  23%|██▎       | 67/288 [00:00\u003c00:00, 638.29it/s, Materializing param=layers.5.self_attn.v_proj.weight]\u001b[A\n"}
,{"stream_name":"stderr","time":95.675805247,"data":"\rLoading weights:  24%|██▎       | 68/288 [00:00\u003c00:00, 638.29it/s, Materializing param=layers.6.input_layernorm.weight] \u001b[A\n"}
,{"stream_name":"stderr","time":95.676042882,"data":"\rLoading weights:  24%|██▎       | 68/288 [00:00\u003c00:00, 638.29it/s, Materializing param=layers.6.input_layernorm.weight]\u001b[A\n"}
,{"stream_name":"stderr","time":95.676162993,"data":"\rLoading weights:  24%|██▍       | 69/288 [00:00\u003c00:00, 638.29it/s, Materializing param=layers.6.mlp.down_proj.weight]  \u001b[A\n"}
,{"stream_name":"stderr","time":95.676385123,"data":"\rLoading weights:  24%|██▍       | 69/288 [00:00\u003c00:00, 638.29it/s, Materializing param=layers.6.mlp.down_proj.weight]\u001b[A\n"}
,{"stream_name":"stderr","time":95.676519886,"data":"\rLoading weights:  24%|██▍       | 70/288 [00:00\u003c00:00, 638.29it/s, Materializing param=layers.6.mlp.gate_proj.weight]\u001b[A\n"}
,{"stream_name":"stderr","time":95.676749103,"data":"\rLoading weights:  24%|██▍       | 70/288 [00:00\u003c00:00, 638.29it/s, Materializing param=layers.6.mlp.gate_proj.weight]\u001b[A\n"}
,{"stream_name":"stderr","time":95.676852819,"data":"\rLoading weights:  25%|██▍       | 71/288 [00:00\u003c00:00, 638.29it/s, Materializing param=layers.6.mlp.up_proj.weight]  \u001b[A\n"}
,{"stream_name":"stderr","time":95.677081538,"data":"\rLoading weights:  25%|██▍       | 71/288 [00:00\u003c00:00, 638.29it/s, Materializing param=layers.6.mlp.up_proj.weight]\u001b[A\n"}
,{"stream_name":"stderr","time":95.677181584,"data":"\rLoading weights:  25%|██▌       | 72/288 [00:00\u003c00:00, 638.29it/s, Materializing param=layers.6.post_attention_layernorm.weight]\u001b[A\n"}
,{"stream_name":"stderr","time":95.677417928,"data":"\rLoading weights:  25%|██▌       | 72/288 [00:00\u003c00:00, 638.29it/s, Materializing param=layers.6.post_attention_layernorm.weight]\u001b[A\n"}
,{"stream_name":"stderr","time":95.677518535,"data":"\rLoading weights:  25%|██▌       | 73/288 [00:00\u003c00:00, 638.29it/s, Materializing param=layers.6.post_feedforward_layernorm.weight]\u001b[A\n"}
,{"stream_name":"stderr","time":95.677743854,"data":"\rLoading weights:  25%|██▌       | 73/288 [00:00\u003c00:00, 638.29it/s, Materializing param=layers.6.post_feedforward_layernorm.weight]\u001b[A\n"}
,{"stream_name":"stderr","time":95.677838475,"data":"\rLoading weights:  26%|██▌       | 74/288 [00:00\u003c00:00, 638.29it/s, Materializing param=layers.6.pre_feedforward_layernorm.weight] \u001b[A\n"}
,{"stream_name":"stderr","time":95.678050619,"data":"\rLoading weights:  26%|██▌       | 74/288 [00:00\u003c00:00, 638.29it/s, Materializing param=layers.6.pre_feedforward_layernorm.weight]\u001b[A\n"}
,{"stream_name":"stderr","time":95.678151993,"data":"\rLoading weights:  26%|██▌       | 75/288 [00:00\u003c00:00, 638.29it/s, Materializing param=layers.6.self_attn.k_proj.weight]         \u001b[A\n"}
,{"stream_name":"stderr","time":95.678377005,"data":"\rLoading weights:  26%|██▌       | 75/288 [00:00\u003c00:00, 638.29it/s, Materializing param=layers.6.self_attn.k_proj.weight]\u001b[A\n"}
,{"stream_name":"stderr","time":95.678475709,"data":"\rLoading weights:  26%|██▋       | 76/288 [00:00\u003c00:00, 638.29it/s, Materializing param=layers.6.self_attn.o_proj.weight]\u001b[A\n"}
,{"stream_name":"stderr","time":95.67871291,"data":"\rLoading weights:  26%|██▋       | 76/288 [00:00\u003c00:00, 638.29it/s, Materializing param=layers.6.self_attn.o_proj.weight]\u001b[A\n"}
,{"stream_name":"stderr","time":95.678820501,"data":"\rLoading weights:  27%|██▋       | 77/288 [00:00\u003c00:00, 638.29it/s, Materializing param=layers.6.self_attn.q_proj.weight]\u001b[A\n"}
,{"stream_name":"stderr","time":95.679028274,"data":"\rLoading weights:  27%|██▋       | 77/288 [00:00\u003c00:00, 638.29it/s, Materializing param=layers.6.self_attn.q_proj.weight]\u001b[A\n"}
,{"stream_name":"stderr","time":95.679149452,"data":"\rLoading weights:  27%|██▋       | 78/288 [00:00\u003c00:00, 638.29it/s, Materializing param=layers.6.self_attn.v_proj.weight]\u001b[A\n"}
,{"stream_name":"stderr","time":95.679376902,"data":"\rLoading weights:  27%|██▋       | 78/288 [00:00\u003c00:00, 638.29it/s, Materializing param=layers.6.self_attn.v_proj.weight]\u001b[A\n"}
,{"stream_name":"stderr","time":95.679484861,"data":"\rLoading weights:  27%|██▋       | 79/288 [00:00\u003c00:00, 638.29it/s, Materializing param=layers.7.input_layernorm.weight] \u001b[A\n"}
,{"stream_name":"stderr","time":95.679712479,"data":"\rLoading weights:  27%|██▋       | 79/288 [00:00\u003c00:00, 638.29it/s, Materializing param=layers.7.input_layernorm.weight]\u001b[A\n"}
,{"stream_name":"stderr","time":95.679814383,"data":"\rLoading weights:  28%|██▊       | 80/288 [00:00\u003c00:00, 638.29it/s, Materializing param=layers.7.mlp.down_proj.weight]  \u001b[A\n"}
,{"stream_name":"stderr","time":95.680034562,"data":"\rLoading weights:  28%|██▊       | 80/288 [00:00\u003c00:00, 638.29it/s, Materializing param=layers.7.mlp.down_proj.weight]\u001b[A\n"}
,{"stream_name":"stderr","time":95.680133727,"data":"\rLoading weights:  28%|██▊       | 81/288 [00:00\u003c00:00, 638.29it/s, Materializing param=layers.7.mlp.gate_proj.weight]\u001b[A\n"}
,{"stream_name":"stderr","time":95.680383368,"data":"\rLoading weights:  28%|██▊       | 81/288 [00:00\u003c00:00, 638.29it/s, Materializing param=layers.7.mlp.gate_proj.weight]\u001b[A\n"}
,{"stream_name":"stderr","time":95.680463746,"data":"\rLoading weights:  28%|██▊       | 82/288 [00:00\u003c00:00, 638.29it/s, Materializing param=layers.7.mlp.up_proj.weight]  \u001b[A\n"}
,{"stream_name":"stderr","time":95.680677953,"data":"\rLoading weights:  28%|██▊       | 82/288 [00:00\u003c00:00, 638.29it/s, Materializing param=layers.7.mlp.up_proj.weight]\u001b[A\n"}
,{"stream_name":"stderr","time":95.680776072,"data":"\rLoading weights:  29%|██▉       | 83/288 [00:00\u003c00:00, 638.29it/s, Materializing param=layers.7.post_attention_layernorm.weight]\u001b[A\n"}
,{"stream_name":"stderr","time":95.680994924,"data":"\rLoading weights:  29%|██▉       | 83/288 [00:00\u003c00:00, 638.29it/s, Materializing param=layers.7.post_attention_layernorm.weight]\u001b[A\n"}
,{"stream_name":"stderr","time":95.681117809,"data":"\rLoading weights:  29%|██▉       | 84/288 [00:00\u003c00:00, 638.29it/s, Materializing param=layers.7.post_feedforward_layernorm.weight]\u001b[A\n"}
,{"stream_name":"stderr","time":95.681375851,"data":"\rLoading weights:  29%|██▉       | 84/288 [00:00\u003c00:00, 638.29it/s, Materializing param=layers.7.post_feedforward_layernorm.weight]\u001b[A\n"}
,{"stream_name":"stderr","time":95.681443336,"data":"\rLoading weights:  30%|██▉       | 85/288 [00:00\u003c00:00, 638.29it/s, Materializing param=layers.7.pre_feedforward_layernorm.weight] \u001b[A\n"}
,{"stream_name":"stderr","time":95.681688944,"data":"\rLoading weights:  30%|██▉       | 85/288 [00:00\u003c00:00, 638.29it/s, Materializing param=layers.7.pre_feedforward_layernorm.weight]\u001b[A\n"}
,{"stream_name":"stderr","time":95.681796212,"data":"\rLoading weights:  30%|██▉       | 86/288 [00:00\u003c00:00, 638.29it/s, Materializing param=layers.7.self_attn.k_proj.weight]         \u001b[A\n"}
,{"stream_name":"stderr","time":95.6820047,"data":"\rLoading weights:  30%|██▉       | 86/288 [00:00\u003c00:00, 638.29it/s, Materializing param=layers.7.self_attn.k_proj.weight]\u001b[A\n"}
,{"stream_name":"stderr","time":95.682096215,"data":"\rLoading weights:  30%|███       | 87/288 [00:00\u003c00:00, 638.29it/s, Materializing param=layers.7.self_attn.o_proj.weight]\u001b[A\n"}
,{"stream_name":"stderr","time":95.682347458,"data":"\rLoading weights:  30%|███       | 87/288 [00:00\u003c00:00, 638.29it/s, Materializing param=layers.7.self_attn.o_proj.weight]\u001b[A\n"}
,{"stream_name":"stderr","time":95.682431934,"data":"\rLoading weights:  31%|███       | 88/288 [00:00\u003c00:00, 638.29it/s, Materializing param=layers.7.self_attn.q_proj.weight]\u001b[A\n"}
,{"stream_name":"stderr","time":95.682680869,"data":"\rLoading weights:  31%|███       | 88/288 [00:00\u003c00:00, 638.29it/s, Materializing param=layers.7.self_attn.q_proj.weight]\u001b[A\n"}
,{"stream_name":"stderr","time":95.682783148,"data":"\rLoading weights:  31%|███       | 89/288 [00:00\u003c00:00, 638.29it/s, Materializing param=layers.7.self_attn.v_proj.weight]\u001b[A\n"}
,{"stream_name":"stderr","time":95.683017761,"data":"\rLoading weights:  31%|███       | 89/288 [00:00\u003c00:00, 638.29it/s, Materializing param=layers.7.self_attn.v_proj.weight]\u001b[A\n"}
,{"stream_name":"stderr","time":95.683114733,"data":"\rLoading weights:  31%|███▏      | 90/288 [00:00\u003c00:00, 638.29it/s, Materializing param=layers.8.input_layernorm.weight] \u001b[A\n"}
,{"stream_name":"stderr","time":95.683368342,"data":"\rLoading weights:  31%|███▏      | 90/288 [00:00\u003c00:00, 638.29it/s, Materializing param=layers.8.input_layernorm.weight]\u001b[A\n"}
,{"stream_name":"stderr","time":95.683470143,"data":"\rLoading weights:  32%|███▏      | 91/288 [00:00\u003c00:00, 638.29it/s, Materializing param=layers.8.mlp.down_proj.weight]  \u001b[A\n"}
,{"stream_name":"stderr","time":95.683698819,"data":"\rLoading weights:  32%|███▏      | 91/288 [00:00\u003c00:00, 638.29it/s, Materializing param=layers.8.mlp.down_proj.weight]\u001b[A\n"}
,{"stream_name":"stderr","time":95.683767266,"data":"\rLoading weights:  32%|███▏      | 92/288 [00:00\u003c00:00, 638.29it/s, Materializing param=layers.8.mlp.gate_proj.weight]\u001b[A\n"}
,{"stream_name":"stderr","time":95.684098309,"data":"\rLoading weights:  32%|███▏      | 92/288 [00:00\u003c00:00, 638.29it/s, Materializing param=layers.8.mlp.gate_proj.weight]\u001b[A\n"}
,{"stream_name":"stderr","time":95.684109004,"data":"\rLoading weights:  32%|███▏      | 93/288 [00:00\u003c00:00, 638.29it/s, Materializing param=layers.8.mlp.up_proj.weight]  \u001b[A\n"}
,{"stream_name":"stderr","time":95.684362451,"data":"\rLoading weights:  32%|███▏      | 93/288 [00:00\u003c00:00, 638.29it/s, Materializing param=layers.8.mlp.up_proj.weight]\u001b[A\n"}
,{"stream_name":"stderr","time":95.684497802,"data":"\rLoading weights:  33%|███▎      | 94/288 [00:00\u003c00:00, 638.29it/s, Materializing param=layers.8.post_attention_layernorm.weight]\u001b[A\n"}
,{"stream_name":"stderr","time":95.684720069,"data":"\rLoading weights:  33%|███▎      | 94/288 [00:00\u003c00:00, 638.29it/s, Materializing param=layers.8.post_attention_layernorm.weight]\u001b[A\n"}
,{"stream_name":"stderr","time":95.684801473,"data":"\rLoading weights:  33%|███▎      | 95/288 [00:00\u003c00:00, 638.29it/s, Materializing param=layers.8.post_feedforward_layernorm.weight]\u001b[A\n"}
,{"stream_name":"stderr","time":95.685027879,"data":"\rLoading weights:  33%|███▎      | 95/288 [00:00\u003c00:00, 638.29it/s, Materializing param=layers.8.post_feedforward_layernorm.weight]\u001b[A\n"}
,{"stream_name":"stderr","time":95.685128049,"data":"\rLoading weights:  33%|███▎      | 96/288 [00:00\u003c00:00, 638.29it/s, Materializing param=layers.8.pre_feedforward_layernorm.weight] \u001b[A\n"}
,{"stream_name":"stderr","time":95.685349723,"data":"\rLoading weights:  33%|███▎      | 96/288 [00:00\u003c00:00, 638.29it/s, Materializing param=layers.8.pre_feedforward_layernorm.weight]\u001b[A\n"}
,{"stream_name":"stderr","time":95.685451824,"data":"\rLoading weights:  34%|███▎      | 97/288 [00:00\u003c00:00, 638.29it/s, Materializing param=layers.8.self_attn.k_proj.weight]         \u001b[A\n"}
,{"stream_name":"stderr","time":95.685687209,"data":"\rLoading weights:  34%|███▎      | 97/288 [00:00\u003c00:00, 638.29it/s, Materializing param=layers.8.self_attn.k_proj.weight]\u001b[A\n"}
,{"stream_name":"stderr","time":95.685799152,"data":"\rLoading weights:  34%|███▍      | 98/288 [00:00\u003c00:00, 638.29it/s, Materializing param=layers.8.self_attn.o_proj.weight]\u001b[A\n"}
,{"stream_name":"stderr","time":95.686001727,"data":"\rLoading weights:  34%|███▍      | 98/288 [00:00\u003c00:00, 638.29it/s, Materializing param=layers.8.self_attn.o_proj.weight]\u001b[A\n"}
,{"stream_name":"stderr","time":95.686111499,"data":"\rLoading weights:  34%|███▍      | 99/288 [00:00\u003c00:00, 638.29it/s, Materializing param=layers.8.self_attn.q_proj.weight]\u001b[A\n"}
,{"stream_name":"stderr","time":95.686359808,"data":"\rLoading weights:  34%|███▍      | 99/288 [00:00\u003c00:00, 638.29it/s, Materializing param=layers.8.self_attn.q_proj.weight]\u001b[A\n"}
,{"stream_name":"stderr","time":95.686449138,"data":"\rLoading weights:  35%|███▍      | 100/288 [00:00\u003c00:00, 638.29it/s, Materializing param=layers.8.self_attn.v_proj.weight]\u001b[A\n"}
,{"stream_name":"stderr","time":95.686666768,"data":"\rLoading weights:  35%|███▍      | 100/288 [00:00\u003c00:00, 638.29it/s, Materializing param=layers.8.self_attn.v_proj.weight]\u001b[A\n"}
,{"stream_name":"stderr","time":95.686770398,"data":"\rLoading weights:  35%|███▌      | 101/288 [00:00\u003c00:00, 638.29it/s, Materializing param=layers.9.input_layernorm.weight] \u001b[A\n"}
,{"stream_name":"stderr","time":95.68697087,"data":"\rLoading weights:  35%|███▌      | 101/288 [00:00\u003c00:00, 638.29it/s, Materializing param=layers.9.input_layernorm.weight]\u001b[A\n"}
,{"stream_name":"stderr","time":95.687077334,"data":"\rLoading weights:  35%|███▌      | 102/288 [00:00\u003c00:00, 638.29it/s, Materializing param=layers.9.mlp.down_proj.weight]  \u001b[A\n"}
,{"stream_name":"stderr","time":95.687321606,"data":"\rLoading weights:  35%|███▌      | 102/288 [00:00\u003c00:00, 638.29it/s, Materializing param=layers.9.mlp.down_proj.weight]\u001b[A\n"}
,{"stream_name":"stderr","time":95.687493633,"data":"\rLoading weights:  36%|███▌      | 103/288 [00:00\u003c00:00, 638.29it/s, Materializing param=layers.9.mlp.gate_proj.weight]\u001b[A\n"}
,{"stream_name":"stderr","time":95.68769134,"data":"\rLoading weights:  36%|███▌      | 103/288 [00:00\u003c00:00, 638.29it/s, Materializing param=layers.9.mlp.gate_proj.weight]\u001b[A\n"}
,{"stream_name":"stderr","time":95.687808609,"data":"\rLoading weights:  36%|███▌      | 104/288 [00:00\u003c00:00, 638.29it/s, Materializing param=layers.9.mlp.up_proj.weight]  \u001b[A\n"}
,{"stream_name":"stderr","time":95.688022885,"data":"\rLoading weights:  36%|███▌      | 104/288 [00:00\u003c00:00, 638.29it/s, Materializing param=layers.9.mlp.up_proj.weight]\u001b[A\n"}
,{"stream_name":"stderr","time":95.688115518,"data":"\rLoading weights:  36%|███▋      | 105/288 [00:00\u003c00:00, 638.29it/s, Materializing param=layers.9.post_attention_layernorm.weight]\u001b[A\n"}
,{"stream_name":"stderr","time":95.688319028,"data":"\rLoading weights:  36%|███▋      | 105/288 [00:00\u003c00:00, 638.29it/s, Materializing param=layers.9.post_attention_layernorm.weight]\u001b[A\n"}
,{"stream_name":"stderr","time":95.688426459,"data":"\rLoading weights:  37%|███▋      | 106/288 [00:00\u003c00:00, 638.29it/s, Materializing param=layers.9.post_feedforward_layernorm.weight]\u001b[A\n"}
,{"stream_name":"stderr","time":95.688622997,"data":"\rLoading weights:  37%|███▋      | 106/288 [00:00\u003c00:00, 638.29it/s, Materializing param=layers.9.post_feedforward_layernorm.weight]\u001b[A\n"}
,{"stream_name":"stderr","time":95.688726642,"data":"\rLoading weights:  37%|███▋      | 107/288 [00:00\u003c00:00, 638.29it/s, Materializing param=layers.9.pre_feedforward_layernorm.weight] \u001b[A\n"}
,{"stream_name":"stderr","time":95.688956791,"data":"\rLoading weights:  37%|███▋      | 107/288 [00:00\u003c00:00, 638.29it/s, Materializing param=layers.9.pre_feedforward_layernorm.weight]\u001b[A\n"}
,{"stream_name":"stderr","time":95.68903819,"data":"\rLoading weights:  38%|███▊      | 108/288 [00:00\u003c00:00, 638.29it/s, Materializing param=layers.9.self_attn.k_proj.weight]         \u001b[A\n"}
,{"stream_name":"stderr","time":95.689297457,"data":"\rLoading weights:  38%|███▊      | 108/288 [00:00\u003c00:00, 638.29it/s, Materializing param=layers.9.self_attn.k_proj.weight]\u001b[A\n"}
,{"stream_name":"stderr","time":95.689405783,"data":"\rLoading weights:  38%|███▊      | 109/288 [00:00\u003c00:00, 638.29it/s, Materializing param=layers.9.self_attn.o_proj.weight]\u001b[A\n"}
,{"stream_name":"stderr","time":95.689605709,"data":"\rLoading weights:  38%|███▊      | 109/288 [00:00\u003c00:00, 638.29it/s, Materializing param=layers.9.self_attn.o_proj.weight]\u001b[A\n"}
,{"stream_name":"stderr","time":95.689704593,"data":"\rLoading weights:  38%|███▊      | 110/288 [00:00\u003c00:00, 638.29it/s, Materializing param=layers.9.self_attn.q_proj.weight]\u001b[A\n"}
,{"stream_name":"stderr","time":95.689917413,"data":"\rLoading weights:  38%|███▊      | 110/288 [00:00\u003c00:00, 638.29it/s, Materializing param=layers.9.self_attn.q_proj.weight]\u001b[A\n"}
,{"stream_name":"stderr","time":95.690046057,"data":"\rLoading weights:  39%|███▊      | 111/288 [00:00\u003c00:00, 638.29it/s, Materializing param=layers.9.self_attn.v_proj.weight]\u001b[A\n"}
,{"stream_name":"stderr","time":95.690258497,"data":"\rLoading weights:  39%|███▊      | 111/288 [00:00\u003c00:00, 638.29it/s, Materializing param=layers.9.self_attn.v_proj.weight]\u001b[A\n"}
,{"stream_name":"stderr","time":95.690355924,"data":"\rLoading weights:  39%|███▉      | 112/288 [00:00\u003c00:00, 638.29it/s, Materializing param=layers.10.input_layernorm.weight]\u001b[A\n"}
,{"stream_name":"stderr","time":95.690592921,"data":"\rLoading weights:  39%|███▉      | 112/288 [00:00\u003c00:00, 638.29it/s, Materializing param=layers.10.input_layernorm.weight]\u001b[A\n"}
,{"stream_name":"stderr","time":95.690662825,"data":"\rLoading weights:  39%|███▉      | 113/288 [00:00\u003c00:00, 638.29it/s, Materializing param=layers.10.mlp.down_proj.weight]  \u001b[A\n"}
,{"stream_name":"stderr","time":95.690900206,"data":"\rLoading weights:  39%|███▉      | 113/288 [00:00\u003c00:00, 638.29it/s, Materializing param=layers.10.mlp.down_proj.weight]\u001b[A\n"}
,{"stream_name":"stderr","time":95.691025394,"data":"\rLoading weights:  40%|███▉      | 114/288 [00:00\u003c00:00, 638.29it/s, Materializing param=layers.10.mlp.gate_proj.weight]\u001b[A\n"}
,{"stream_name":"stderr","time":95.691246722,"data":"\rLoading weights:  40%|███▉      | 114/288 [00:00\u003c00:00, 638.29it/s, Materializing param=layers.10.mlp.gate_proj.weight]\u001b[A\n"}
,{"stream_name":"stderr","time":95.691362631,"data":"\rLoading weights:  40%|███▉      | 115/288 [00:00\u003c00:00, 638.29it/s, Materializing param=layers.10.mlp.up_proj.weight]  \u001b[A\n"}
,{"stream_name":"stderr","time":95.69154635,"data":"\rLoading weights:  40%|███▉      | 115/288 [00:00\u003c00:00, 638.29it/s, Materializing param=layers.10.mlp.up_proj.weight]\u001b[A\n"}
,{"stream_name":"stderr","time":95.691647642,"data":"\rLoading weights:  40%|████      | 116/288 [00:00\u003c00:00, 638.29it/s, Materializing param=layers.10.post_attention_layernorm.weight]\u001b[A\n"}
,{"stream_name":"stderr","time":95.69186577,"data":"\rLoading weights:  40%|████      | 116/288 [00:00\u003c00:00, 638.29it/s, Materializing param=layers.10.post_attention_layernorm.weight]\u001b[A\n"}
,{"stream_name":"stderr","time":95.691960578,"data":"\rLoading weights:  41%|████      | 117/288 [00:00\u003c00:00, 638.29it/s, Materializing param=layers.10.post_feedforward_layernorm.weight]\u001b[A\n"}
,{"stream_name":"stderr","time":95.692162497,"data":"\rLoading weights:  41%|████      | 117/288 [00:00\u003c00:00, 638.29it/s, Materializing param=layers.10.post_feedforward_layernorm.weight]\u001b[A\n"}
,{"stream_name":"stderr","time":95.692257748,"data":"\rLoading weights:  41%|████      | 118/288 [00:00\u003c00:00, 638.29it/s, Materializing param=layers.10.pre_feedforward_layernorm.weight] \u001b[A\n"}
,{"stream_name":"stderr","time":95.692497729,"data":"\rLoading weights:  41%|████      | 118/288 [00:00\u003c00:00, 638.29it/s, Materializing param=layers.10.pre_feedforward_layernorm.weight]\u001b[A\n"}
,{"stream_name":"stderr","time":95.692600787,"data":"\rLoading weights:  41%|████▏     | 119/288 [00:00\u003c00:00, 638.29it/s, Materializing param=layers.10.self_attn.k_proj.weight]         \u001b[A\n"}
,{"stream_name":"stderr","time":95.692809401,"data":"\rLoading weights:  41%|████▏     | 119/288 [00:00\u003c00:00, 638.29it/s, Materializing param=layers.10.self_attn.k_proj.weight]\u001b[A\n"}
,{"stream_name":"stderr","time":95.692903739,"data":"\rLoading weights:  42%|████▏     | 120/288 [00:00\u003c00:00, 638.29it/s, Materializing param=layers.10.self_attn.o_proj.weight]\u001b[A\n"}
,{"stream_name":"stderr","time":95.693119315,"data":"\rLoading weights:  42%|████▏     | 120/288 [00:00\u003c00:00, 638.29it/s, Materializing param=layers.10.self_attn.o_proj.weight]\u001b[A\n"}
,{"stream_name":"stderr","time":95.693241509,"data":"\rLoading weights:  42%|████▏     | 121/288 [00:00\u003c00:00, 638.29it/s, Materializing param=layers.10.self_attn.q_proj.weight]\u001b[A\n"}
,{"stream_name":"stderr","time":95.693472665,"data":"\rLoading weights:  42%|████▏     | 121/288 [00:00\u003c00:00, 638.29it/s, Materializing param=layers.10.self_attn.q_proj.weight]\u001b[A\n"}
,{"stream_name":"stderr","time":95.693603785,"data":"\rLoading weights:  42%|████▏     | 122/288 [00:00\u003c00:00, 638.29it/s, Materializing param=layers.10.self_attn.v_proj.weight]\u001b[A\n"}
,{"stream_name":"stderr","time":95.69382437,"data":"\rLoading weights:  42%|████▏     | 122/288 [00:00\u003c00:00, 638.29it/s, Materializing param=layers.10.self_attn.v_proj.weight]\u001b[A\n"}
,{"stream_name":"stderr","time":95.693927923,"data":"\rLoading weights:  43%|████▎     | 123/288 [00:00\u003c00:00, 638.29it/s, Materializing param=layers.11.input_layernorm.weight] \u001b[A\n"}
,{"stream_name":"stderr","time":95.694154424,"data":"\rLoading weights:  43%|████▎     | 123/288 [00:00\u003c00:00, 638.29it/s, Materializing param=layers.11.input_layernorm.weight]\u001b[A\n"}
,{"stream_name":"stderr","time":95.694256255,"data":"\rLoading weights:  43%|████▎     | 124/288 [00:00\u003c00:00, 638.29it/s, Materializing param=layers.11.mlp.down_proj.weight]  \u001b[A\n"}
,{"stream_name":"stderr","time":95.694465776,"data":"\rLoading weights:  43%|████▎     | 124/288 [00:00\u003c00:00, 638.29it/s, Materializing param=layers.11.mlp.down_proj.weight]\u001b[A\n"}
,{"stream_name":"stderr","time":95.694581455,"data":"\rLoading weights:  43%|████▎     | 125/288 [00:00\u003c00:00, 638.29it/s, Materializing param=layers.11.mlp.gate_proj.weight]\u001b[A\n"}
,{"stream_name":"stderr","time":95.694788528,"data":"\rLoading weights:  43%|████▎     | 125/288 [00:00\u003c00:00, 638.29it/s, Materializing param=layers.11.mlp.gate_proj.weight]\u001b[A\n"}
,{"stream_name":"stderr","time":95.694869834,"data":"\rLoading weights:  44%|████▍     | 126/288 [00:00\u003c00:00, 638.29it/s, Materializing param=layers.11.mlp.up_proj.weight]  \u001b[A\n"}
,{"stream_name":"stderr","time":95.695109065,"data":"\rLoading weights:  44%|████▍     | 126/288 [00:00\u003c00:00, 638.29it/s, Materializing param=layers.11.mlp.up_proj.weight]\u001b[A\n"}
,{"stream_name":"stderr","time":95.695205632,"data":"\rLoading weights:  44%|████▍     | 127/288 [00:00\u003c00:00, 638.29it/s, Materializing param=layers.11.post_attention_layernorm.weight]\u001b[A\n"}
,{"stream_name":"stderr","time":95.695436884,"data":"\rLoading weights:  44%|████▍     | 127/288 [00:00\u003c00:00, 638.29it/s, Materializing param=layers.11.post_attention_layernorm.weight]\u001b[A\n"}
,{"stream_name":"stderr","time":95.695537028,"data":"\rLoading weights:  44%|████▍     | 128/288 [00:00\u003c00:00, 638.29it/s, Materializing param=layers.11.post_feedforward_layernorm.weight]\u001b[A\n"}
,{"stream_name":"stderr","time":95.695760429,"data":"\rLoading weights:  44%|████▍     | 128/288 [00:00\u003c00:00, 638.29it/s, Materializing param=layers.11.post_feedforward_layernorm.weight]\u001b[A\n"}
,{"stream_name":"stderr","time":95.69585039,"data":"\rLoading weights:  45%|████▍     | 129/288 [00:00\u003c00:00, 638.29it/s, Materializing param=layers.11.pre_feedforward_layernorm.weight] \u001b[A\n"}
,{"stream_name":"stderr","time":95.69605041,"data":"\rLoading weights:  45%|████▍     | 129/288 [00:00\u003c00:00, 638.29it/s, Materializing param=layers.11.pre_feedforward_layernorm.weight]\u001b[A\n"}
,{"stream_name":"stderr","time":95.69615367,"data":"\rLoading weights:  45%|████▌     | 130/288 [00:00\u003c00:00, 638.29it/s, Materializing param=layers.11.self_attn.k_proj.weight]         \u001b[A\n"}
,{"stream_name":"stderr","time":95.69639286,"data":"\rLoading weights:  45%|████▌     | 130/288 [00:00\u003c00:00, 638.29it/s, Materializing param=layers.11.self_attn.k_proj.weight]\u001b[A\n"}
,{"stream_name":"stderr","time":95.696486137,"data":"\rLoading weights:  45%|████▌     | 131/288 [00:00\u003c00:00, 638.29it/s, Materializing param=layers.11.self_attn.o_proj.weight]\u001b[A\n"}
,{"stream_name":"stderr","time":95.696730291,"data":"\rLoading weights:  45%|████▌     | 131/288 [00:00\u003c00:00, 638.29it/s, Materializing param=layers.11.self_attn.o_proj.weight]\u001b[A\n"}
,{"stream_name":"stderr","time":95.696809868,"data":"\rLoading weights:  46%|████▌     | 132/288 [00:00\u003c00:00, 638.29it/s, Materializing param=layers.11.self_attn.q_proj.weight]\u001b[A\n"}
,{"stream_name":"stderr","time":95.697032991,"data":"\rLoading weights:  46%|████▌     | 132/288 [00:00\u003c00:00, 638.29it/s, Materializing param=layers.11.self_attn.q_proj.weight]\u001b[A\n"}
,{"stream_name":"stderr","time":95.697136253,"data":"\rLoading weights:  46%|████▌     | 133/288 [00:00\u003c00:00, 638.29it/s, Materializing param=layers.11.self_attn.v_proj.weight]\u001b[A\n"}
,{"stream_name":"stderr","time":95.697370367,"data":"\rLoading weights:  46%|████▌     | 133/288 [00:00\u003c00:00, 638.29it/s, Materializing param=layers.11.self_attn.v_proj.weight]\u001b[A\n"}
,{"stream_name":"stderr","time":95.697497269,"data":"\rLoading weights:  47%|████▋     | 134/288 [00:00\u003c00:00, 638.29it/s, Materializing param=layers.12.input_layernorm.weight] \u001b[A\n"}
,{"stream_name":"stderr","time":95.697726057,"data":"\rLoading weights:  47%|████▋     | 134/288 [00:00\u003c00:00, 638.29it/s, Materializing param=layers.12.input_layernorm.weight]\u001b[A\n"}
,{"stream_name":"stderr","time":95.697794193,"data":"\rLoading weights:  47%|████▋     | 135/288 [00:00\u003c00:00, 638.29it/s, Materializing param=layers.12.mlp.down_proj.weight]  \u001b[A\n"}
,{"stream_name":"stderr","time":95.698021304,"data":"\rLoading weights:  47%|████▋     | 135/288 [00:00\u003c00:00, 638.29it/s, Materializing param=layers.12.mlp.down_proj.weight]\u001b[A\n"}
,{"stream_name":"stderr","time":95.698146617,"data":"\rLoading weights:  47%|████▋     | 136/288 [00:00\u003c00:00, 638.29it/s, Materializing param=layers.12.mlp.gate_proj.weight]\u001b[A\n"}
,{"stream_name":"stderr","time":95.698391556,"data":"\rLoading weights:  47%|████▋     | 136/288 [00:00\u003c00:00, 638.29it/s, Materializing param=layers.12.mlp.gate_proj.weight]\u001b[A\n"}
,{"stream_name":"stderr","time":95.698497548,"data":"\rLoading weights:  48%|████▊     | 137/288 [00:00\u003c00:00, 638.29it/s, Materializing param=layers.12.mlp.up_proj.weight]  \u001b[A\n"}
,{"stream_name":"stderr","time":95.698700674,"data":"\rLoading weights:  48%|████▊     | 137/288 [00:00\u003c00:00, 638.29it/s, Materializing param=layers.12.mlp.up_proj.weight]\u001b[A\n"}
,{"stream_name":"stderr","time":95.698792955,"data":"\rLoading weights:  48%|████▊     | 138/288 [00:00\u003c00:00, 638.29it/s, Materializing param=layers.12.post_attention_layernorm.weight]\u001b[A\n"}
,{"stream_name":"stderr","time":95.699004388,"data":"\rLoading weights:  48%|████▊     | 138/288 [00:00\u003c00:00, 638.29it/s, Materializing param=layers.12.post_attention_layernorm.weight]\u001b[A\n"}
,{"stream_name":"stderr","time":95.699110237,"data":"\rLoading weights:  48%|████▊     | 139/288 [00:00\u003c00:00, 638.29it/s, Materializing param=layers.12.post_feedforward_layernorm.weight]\u001b[A\n"}
,{"stream_name":"stderr","time":95.699372599,"data":"\rLoading weights:  48%|████▊     | 139/288 [00:00\u003c00:00, 638.29it/s, Materializing param=layers.12.post_feedforward_layernorm.weight]\u001b[A\n"}
,{"stream_name":"stderr","time":95.699464528,"data":"\rLoading weights:  49%|████▊     | 140/288 [00:00\u003c00:00, 638.29it/s, Materializing param=layers.12.pre_feedforward_layernorm.weight] \u001b[A\n"}
,{"stream_name":"stderr","time":95.699695408,"data":"\rLoading weights:  49%|████▊     | 140/288 [00:00\u003c00:00, 638.29it/s, Materializing param=layers.12.pre_feedforward_layernorm.weight]\u001b[A\n"}
,{"stream_name":"stderr","time":95.699765862,"data":"\rLoading weights:  49%|████▉     | 141/288 [00:00\u003c00:00, 638.29it/s, Materializing param=layers.12.self_attn.k_proj.weight]         \u001b[A\n"}
,{"stream_name":"stderr","time":95.700002427,"data":"\rLoading weights:  49%|████▉     | 141/288 [00:00\u003c00:00, 638.29it/s, Materializing param=layers.12.self_attn.k_proj.weight]\u001b[A\n"}
,{"stream_name":"stderr","time":95.700084116,"data":"\rLoading weights:  49%|████▉     | 142/288 [00:00\u003c00:00, 638.29it/s, Materializing param=layers.12.self_attn.o_proj.weight]\u001b[A\n"}
,{"stream_name":"stderr","time":95.700330029,"data":"\rLoading weights:  49%|████▉     | 142/288 [00:00\u003c00:00, 638.29it/s, Materializing param=layers.12.self_attn.o_proj.weight]\u001b[A\n"}
,{"stream_name":"stderr","time":95.700448515,"data":"\rLoading weights:  50%|████▉     | 143/288 [00:00\u003c00:00, 638.29it/s, Materializing param=layers.12.self_attn.q_proj.weight]\u001b[A\n"}
,{"stream_name":"stderr","time":95.700686947,"data":"\rLoading weights:  50%|████▉     | 143/288 [00:00\u003c00:00, 638.29it/s, Materializing param=layers.12.self_attn.q_proj.weight]\u001b[A\n"}
,{"stream_name":"stderr","time":95.70076063,"data":"\rLoading weights:  50%|█████     | 144/288 [00:00\u003c00:00, 638.29it/s, Materializing param=layers.12.self_attn.v_proj.weight]\u001b[A\n"}
,{"stream_name":"stderr","time":95.700990955,"data":"\rLoading weights:  50%|█████     | 144/288 [00:00\u003c00:00, 638.29it/s, Materializing param=layers.12.self_attn.v_proj.weight]\u001b[A\n"}
,{"stream_name":"stderr","time":95.701094353,"data":"\rLoading weights:  50%|█████     | 145/288 [00:00\u003c00:00, 638.29it/s, Materializing param=layers.13.input_layernorm.weight] \u001b[A\n"}
,{"stream_name":"stderr","time":95.701328669,"data":"\rLoading weights:  50%|█████     | 145/288 [00:00\u003c00:00, 638.29it/s, Materializing param=layers.13.input_layernorm.weight]\u001b[A\n"}
,{"stream_name":"stderr","time":95.701415352,"data":"\rLoading weights:  51%|█████     | 146/288 [00:00\u003c00:00, 638.29it/s, Materializing param=layers.13.mlp.down_proj.weight]  \u001b[A\n"}
,{"stream_name":"stderr","time":95.701626619,"data":"\rLoading weights:  51%|█████     | 146/288 [00:00\u003c00:00, 638.29it/s, Materializing param=layers.13.mlp.down_proj.weight]\u001b[A\n"}
,{"stream_name":"stderr","time":95.701720803,"data":"\rLoading weights:  51%|█████     | 147/288 [00:00\u003c00:00, 638.29it/s, Materializing param=layers.13.mlp.gate_proj.weight]\u001b[A\n"}
,{"stream_name":"stderr","time":95.701938106,"data":"\rLoading weights:  51%|█████     | 147/288 [00:00\u003c00:00, 638.29it/s, Materializing param=layers.13.mlp.gate_proj.weight]\u001b[A\n"}
,{"stream_name":"stderr","time":95.702006706,"data":"\rLoading weights:  51%|█████▏    | 148/288 [00:00\u003c00:00, 638.29it/s, Materializing param=layers.13.mlp.up_proj.weight]  \u001b[A\n"}
,{"stream_name":"stderr","time":95.702246764,"data":"\rLoading weights:  51%|█████▏    | 148/288 [00:00\u003c00:00, 638.29it/s, Materializing param=layers.13.mlp.up_proj.weight]\u001b[A\n"}
,{"stream_name":"stderr","time":95.702351128,"data":"\rLoading weights:  52%|█████▏    | 149/288 [00:00\u003c00:00, 638.29it/s, Materializing param=layers.13.post_attention_layernorm.weight]\u001b[A\n"}
,{"stream_name":"stderr","time":95.702570117,"data":"\rLoading weights:  52%|█████▏    | 149/288 [00:00\u003c00:00, 638.29it/s, Materializing param=layers.13.post_attention_layernorm.weight]\u001b[A\n"}
,{"stream_name":"stderr","time":95.702668793,"data":"\rLoading weights:  52%|█████▏    | 150/288 [00:00\u003c00:00, 638.29it/s, Materializing param=layers.13.post_feedforward_layernorm.weight]\u001b[A\n"}
,{"stream_name":"stderr","time":95.702881005,"data":"\rLoading weights:  52%|█████▏    | 150/288 [00:00\u003c00:00, 638.29it/s, Materializing param=layers.13.post_feedforward_layernorm.weight]\u001b[A\n"}
,{"stream_name":"stderr","time":95.702977317,"data":"\rLoading weights:  52%|█████▏    | 151/288 [00:00\u003c00:00, 638.29it/s, Materializing param=layers.13.pre_feedforward_layernorm.weight] \u001b[A\n"}
,{"stream_name":"stderr","time":95.703197848,"data":"\rLoading weights:  52%|█████▏    | 151/288 [00:00\u003c00:00, 638.29it/s, Materializing param=layers.13.pre_feedforward_layernorm.weight]\u001b[A\n"}
,{"stream_name":"stderr","time":95.703313509,"data":"\rLoading weights:  53%|█████▎    | 152/288 [00:00\u003c00:00, 638.29it/s, Materializing param=layers.13.self_attn.k_proj.weight]         \u001b[A\n"}
,{"stream_name":"stderr","time":95.703556818,"data":"\rLoading weights:  53%|█████▎    | 152/288 [00:00\u003c00:00, 638.29it/s, Materializing param=layers.13.self_attn.k_proj.weight]\u001b[A\n"}
,{"stream_name":"stderr","time":95.703663826,"data":"\rLoading weights:  53%|█████▎    | 153/288 [00:00\u003c00:00, 638.29it/s, Materializing param=layers.13.self_attn.o_proj.weight]\u001b[A\n"}
,{"stream_name":"stderr","time":95.7038913,"data":"\rLoading weights:  53%|█████▎    | 153/288 [00:00\u003c00:00, 638.29it/s, Materializing param=layers.13.self_attn.o_proj.weight]\u001b[A\n"}
,{"stream_name":"stderr","time":95.703999215,"data":"\rLoading weights:  53%|█████▎    | 154/288 [00:00\u003c00:00, 638.29it/s, Materializing param=layers.13.self_attn.q_proj.weight]\u001b[A\n"}
,{"stream_name":"stderr","time":95.704225871,"data":"\rLoading weights:  53%|█████▎    | 154/288 [00:00\u003c00:00, 638.29it/s, Materializing param=layers.13.self_attn.q_proj.weight]\u001b[A\n"}
,{"stream_name":"stderr","time":95.704309083,"data":"\rLoading weights:  54%|█████▍    | 155/288 [00:00\u003c00:00, 638.29it/s, Materializing param=layers.13.self_attn.v_proj.weight]\u001b[A\n"}
,{"stream_name":"stderr","time":95.70457001,"data":"\rLoading weights:  54%|█████▍    | 155/288 [00:00\u003c00:00, 638.29it/s, Materializing param=layers.13.self_attn.v_proj.weight]\u001b[A\n"}
,{"stream_name":"stderr","time":95.704681167,"data":"\rLoading weights:  54%|█████▍    | 156/288 [00:00\u003c00:00, 638.29it/s, Materializing param=layers.14.input_layernorm.weight] \u001b[A\n"}
,{"stream_name":"stderr","time":95.704889473,"data":"\rLoading weights:  54%|█████▍    | 156/288 [00:00\u003c00:00, 638.29it/s, Materializing param=layers.14.input_layernorm.weight]\u001b[A\n"}
,{"stream_name":"stderr","time":95.704977285,"data":"\rLoading weights:  55%|█████▍    | 157/288 [00:00\u003c00:00, 638.29it/s, Materializing param=layers.14.mlp.down_proj.weight]  \u001b[A\n"}
,{"stream_name":"stderr","time":95.705191695,"data":"\rLoading weights:  55%|█████▍    | 157/288 [00:00\u003c00:00, 638.29it/s, Materializing param=layers.14.mlp.down_proj.weight]\u001b[A\n"}
,{"stream_name":"stderr","time":95.705299691,"data":"\rLoading weights:  55%|█████▍    | 158/288 [00:00\u003c00:00, 638.29it/s, Materializing param=layers.14.mlp.gate_proj.weight]\u001b[A\n"}
,{"stream_name":"stderr","time":95.705571962,"data":"\rLoading weights:  55%|█████▍    | 158/288 [00:00\u003c00:00, 638.29it/s, Materializing param=layers.14.mlp.gate_proj.weight]\u001b[A\n"}
,{"stream_name":"stderr","time":95.705608256,"data":"\rLoading weights:  55%|█████▌    | 159/288 [00:00\u003c00:00, 638.29it/s, Materializing param=layers.14.mlp.up_proj.weight]  \u001b[A\n"}
,{"stream_name":"stderr","time":95.705840856,"data":"\rLoading weights:  55%|█████▌    | 159/288 [00:00\u003c00:00, 638.29it/s, Materializing param=layers.14.mlp.up_proj.weight]\u001b[A\n"}
,{"stream_name":"stderr","time":95.705963717,"data":"\rLoading weights:  56%|█████▌    | 160/288 [00:00\u003c00:00, 638.29it/s, Materializing param=layers.14.post_attention_layernorm.weight]\u001b[A\n"}
,{"stream_name":"stderr","time":95.706191425,"data":"\rLoading weights:  56%|█████▌    | 160/288 [00:00\u003c00:00, 638.29it/s, Materializing param=layers.14.post_attention_layernorm.weight]\u001b[A\n"}
,{"stream_name":"stderr","time":95.706308197,"data":"\rLoading weights:  56%|█████▌    | 161/288 [00:00\u003c00:00, 638.29it/s, Materializing param=layers.14.post_feedforward_layernorm.weight]\u001b[A\n"}
,{"stream_name":"stderr","time":95.706556568,"data":"\rLoading weights:  56%|█████▌    | 161/288 [00:00\u003c00:00, 638.29it/s, Materializing param=layers.14.post_feedforward_layernorm.weight]\u001b[A\n"}
,{"stream_name":"stderr","time":95.706637621,"data":"\rLoading weights:  56%|█████▋    | 162/288 [00:00\u003c00:00, 638.29it/s, Materializing param=layers.14.pre_feedforward_layernorm.weight] \u001b[A\n"}
,{"stream_name":"stderr","time":95.706856045,"data":"\rLoading weights:  56%|█████▋    | 162/288 [00:00\u003c00:00, 638.29it/s, Materializing param=layers.14.pre_feedforward_layernorm.weight]\u001b[A\n"}
,{"stream_name":"stderr","time":95.706964788,"data":"\rLoading weights:  57%|█████▋    | 163/288 [00:00\u003c00:00, 638.29it/s, Materializing param=layers.14.self_attn.k_proj.weight]         \u001b[A\n"}
,{"stream_name":"stderr","time":95.707176549,"data":"\rLoading weights:  57%|█████▋    | 163/288 [00:00\u003c00:00, 638.29it/s, Materializing param=layers.14.self_attn.k_proj.weight]\u001b[A\n"}
,{"stream_name":"stderr","time":95.707283325,"data":"\rLoading weights:  57%|█████▋    | 164/288 [00:00\u003c00:00, 638.29it/s, Materializing param=layers.14.self_attn.o_proj.weight]\u001b[A\n"}
,{"stream_name":"stderr","time":95.707502985,"data":"\rLoading weights:  57%|█████▋    | 164/288 [00:00\u003c00:00, 638.29it/s, Materializing param=layers.14.self_attn.o_proj.weight]\u001b[A\n"}
,{"stream_name":"stderr","time":95.707594674,"data":"\rLoading weights:  57%|█████▋    | 165/288 [00:00\u003c00:00, 638.29it/s, Materializing param=layers.14.self_attn.q_proj.weight]\u001b[A\n"}
,{"stream_name":"stderr","time":95.70780545,"data":"\rLoading weights:  57%|█████▋    | 165/288 [00:00\u003c00:00, 638.29it/s, Materializing param=layers.14.self_attn.q_proj.weight]\u001b[A\n"}
,{"stream_name":"stderr","time":95.707912791,"data":"\rLoading weights:  58%|█████▊    | 166/288 [00:00\u003c00:00, 638.29it/s, Materializing param=layers.14.self_attn.v_proj.weight]\u001b[A\n"}
,{"stream_name":"stderr","time":95.708111211,"data":"\rLoading weights:  58%|█████▊    | 166/288 [00:00\u003c00:00, 638.29it/s, Materializing param=layers.14.self_attn.v_proj.weight]\u001b[A\n"}
,{"stream_name":"stderr","time":95.708213984,"data":"\rLoading weights:  58%|█████▊    | 167/288 [00:00\u003c00:00, 638.29it/s, Materializing param=layers.15.input_layernorm.weight] \u001b[A\n"}
,{"stream_name":"stderr","time":95.708458564,"data":"\rLoading weights:  58%|█████▊    | 167/288 [00:00\u003c00:00, 638.29it/s, Materializing param=layers.15.input_layernorm.weight]\u001b[A\n"}
,{"stream_name":"stderr","time":95.708530266,"data":"\rLoading weights:  58%|█████▊    | 168/288 [00:00\u003c00:00, 638.29it/s, Materializing param=layers.15.mlp.down_proj.weight]  \u001b[A\n"}
,{"stream_name":"stderr","time":95.708780246,"data":"\rLoading weights:  58%|█████▊    | 168/288 [00:00\u003c00:00, 638.29it/s, Materializing param=layers.15.mlp.down_proj.weight]\u001b[A\n"}
,{"stream_name":"stderr","time":95.708848419,"data":"\rLoading weights:  59%|█████▊    | 169/288 [00:00\u003c00:00, 638.29it/s, Materializing param=layers.15.mlp.gate_proj.weight]\u001b[A\n"}
,{"stream_name":"stderr","time":95.70909969,"data":"\rLoading weights:  59%|█████▊    | 169/288 [00:00\u003c00:00, 638.29it/s, Materializing param=layers.15.mlp.gate_proj.weight]\u001b[A\n"}
,{"stream_name":"stderr","time":95.709184461,"data":"\rLoading weights:  59%|█████▉    | 170/288 [00:00\u003c00:00, 638.29it/s, Materializing param=layers.15.mlp.up_proj.weight]  \u001b[A\n"}
,{"stream_name":"stderr","time":95.709441369,"data":"\rLoading weights:  59%|█████▉    | 170/288 [00:00\u003c00:00, 638.29it/s, Materializing param=layers.15.mlp.up_proj.weight]\u001b[A\n"}
,{"stream_name":"stderr","time":95.709524419,"data":"\rLoading weights:  59%|█████▉    | 171/288 [00:00\u003c00:00, 638.29it/s, Materializing param=layers.15.post_attention_layernorm.weight]\u001b[A\n"}
,{"stream_name":"stderr","time":95.709737992,"data":"\rLoading weights:  59%|█████▉    | 171/288 [00:00\u003c00:00, 638.29it/s, Materializing param=layers.15.post_attention_layernorm.weight]\u001b[A\n"}
,{"stream_name":"stderr","time":95.709848349,"data":"\rLoading weights:  60%|█████▉    | 172/288 [00:00\u003c00:00, 638.29it/s, Materializing param=layers.15.post_feedforward_layernorm.weight]\u001b[A\n"}
,{"stream_name":"stderr","time":95.710058414,"data":"\rLoading weights:  60%|█████▉    | 172/288 [00:00\u003c00:00, 638.29it/s, Materializing param=layers.15.post_feedforward_layernorm.weight]\u001b[A\n"}
,{"stream_name":"stderr","time":95.710163965,"data":"\rLoading weights:  60%|██████    | 173/288 [00:00\u003c00:00, 638.29it/s, Materializing param=layers.15.pre_feedforward_layernorm.weight] \u001b[A\n"}
,{"stream_name":"stderr","time":95.710386457,"data":"\rLoading weights:  60%|██████    | 173/288 [00:00\u003c00:00, 638.29it/s, Materializing param=layers.15.pre_feedforward_layernorm.weight]\u001b[A\n"}
,{"stream_name":"stderr","time":95.71047554,"data":"\rLoading weights:  60%|██████    | 174/288 [00:00\u003c00:00, 638.29it/s, Materializing param=layers.15.self_attn.k_proj.weight]         \u001b[A\n"}
,{"stream_name":"stderr","time":95.710685688,"data":"\rLoading weights:  60%|██████    | 174/288 [00:00\u003c00:00, 638.29it/s, Materializing param=layers.15.self_attn.k_proj.weight]\u001b[A\n"}
,{"stream_name":"stderr","time":95.71079186,"data":"\rLoading weights:  61%|██████    | 175/288 [00:00\u003c00:00, 638.29it/s, Materializing param=layers.15.self_attn.o_proj.weight]\u001b[A\n"}
,{"stream_name":"stderr","time":95.710992535,"data":"\rLoading weights:  61%|██████    | 175/288 [00:00\u003c00:00, 638.29it/s, Materializing param=layers.15.self_attn.o_proj.weight]\u001b[A\n"}
,{"stream_name":"stderr","time":95.711098785,"data":"\rLoading weights:  61%|██████    | 176/288 [00:00\u003c00:00, 638.29it/s, Materializing param=layers.15.self_attn.q_proj.weight]\u001b[A\n"}
,{"stream_name":"stderr","time":95.711315145,"data":"\rLoading weights:  61%|██████    | 176/288 [00:00\u003c00:00, 638.29it/s, Materializing param=layers.15.self_attn.q_proj.weight]\u001b[A\n"}
,{"stream_name":"stderr","time":95.711436809,"data":"\rLoading weights:  61%|██████▏   | 177/288 [00:00\u003c00:00, 638.29it/s, Materializing param=layers.15.self_attn.v_proj.weight]\u001b[A\n"}
,{"stream_name":"stderr","time":95.711685352,"data":"\rLoading weights:  61%|██████▏   | 177/288 [00:00\u003c00:00, 638.29it/s, Materializing param=layers.15.self_attn.v_proj.weight]\u001b[A\n"}
,{"stream_name":"stderr","time":95.711764387,"data":"\rLoading weights:  62%|██████▏   | 178/288 [00:00\u003c00:00, 638.29it/s, Materializing param=layers.16.input_layernorm.weight] \u001b[A\n"}
,{"stream_name":"stderr","time":95.712001456,"data":"\rLoading weights:  62%|██████▏   | 178/288 [00:00\u003c00:00, 638.29it/s, Materializing param=layers.16.input_layernorm.weight]\u001b[A\n"}
,{"stream_name":"stderr","time":95.712108791,"data":"\rLoading weights:  62%|██████▏   | 179/288 [00:00\u003c00:00, 638.29it/s, Materializing param=layers.16.mlp.down_proj.weight]  \u001b[A\n"}
,{"stream_name":"stderr","time":95.712315694,"data":"\rLoading weights:  62%|██████▏   | 179/288 [00:00\u003c00:00, 638.29it/s, Materializing param=layers.16.mlp.down_proj.weight]\u001b[A\n"}
,{"stream_name":"stderr","time":95.712424639,"data":"\rLoading weights:  62%|██████▎   | 180/288 [00:00\u003c00:00, 638.29it/s, Materializing param=layers.16.mlp.gate_proj.weight]\u001b[A\n"}
,{"stream_name":"stderr","time":95.712671025,"data":"\rLoading weights:  62%|██████▎   | 180/288 [00:00\u003c00:00, 638.29it/s, Materializing param=layers.16.mlp.gate_proj.weight]\u001b[A\n"}
,{"stream_name":"stderr","time":95.712771726,"data":"\rLoading weights:  63%|██████▎   | 181/288 [00:00\u003c00:00, 638.29it/s, Materializing param=layers.16.mlp.up_proj.weight]  \u001b[A\n"}
,{"stream_name":"stderr","time":95.71299466,"data":"\rLoading weights:  63%|██████▎   | 181/288 [00:00\u003c00:00, 638.29it/s, Materializing param=layers.16.mlp.up_proj.weight]\u001b[A\n"}
,{"stream_name":"stderr","time":95.713099011,"data":"\rLoading weights:  63%|██████▎   | 182/288 [00:00\u003c00:00, 638.29it/s, Materializing param=layers.16.post_attention_layernorm.weight]\u001b[A\n"}
,{"stream_name":"stderr","time":95.713322178,"data":"\rLoading weights:  63%|██████▎   | 182/288 [00:00\u003c00:00, 638.29it/s, Materializing param=layers.16.post_attention_layernorm.weight]\u001b[A\n"}
,{"stream_name":"stderr","time":95.713459788,"data":"\rLoading weights:  64%|██████▎   | 183/288 [00:00\u003c00:00, 638.29it/s, Materializing param=layers.16.post_feedforward_layernorm.weight]\u001b[A\n"}
,{"stream_name":"stderr","time":95.713706364,"data":"\rLoading weights:  64%|██████▎   | 183/288 [00:00\u003c00:00, 638.29it/s, Materializing param=layers.16.post_feedforward_layernorm.weight]\u001b[A\n"}
,{"stream_name":"stderr","time":95.713798103,"data":"\rLoading weights:  64%|██████▍   | 184/288 [00:00\u003c00:00, 638.29it/s, Materializing param=layers.16.pre_feedforward_layernorm.weight] \u001b[A\n"}
,{"stream_name":"stderr","time":95.714013856,"data":"\rLoading weights:  64%|██████▍   | 184/288 [00:00\u003c00:00, 638.29it/s, Materializing param=layers.16.pre_feedforward_layernorm.weight]\u001b[A\n"}
,{"stream_name":"stderr","time":95.714122169,"data":"\rLoading weights:  64%|██████▍   | 185/288 [00:00\u003c00:00, 638.29it/s, Materializing param=layers.16.self_attn.k_proj.weight]         \u001b[A\n"}
,{"stream_name":"stderr","time":95.714352902,"data":"\rLoading weights:  64%|██████▍   | 185/288 [00:00\u003c00:00, 638.29it/s, Materializing param=layers.16.self_attn.k_proj.weight]\u001b[A\n"}
,{"stream_name":"stderr","time":95.714457214,"data":"\rLoading weights:  65%|██████▍   | 186/288 [00:00\u003c00:00, 638.29it/s, Materializing param=layers.16.self_attn.o_proj.weight]\u001b[A\n"}
,{"stream_name":"stderr","time":95.714691297,"data":"\rLoading weights:  65%|██████▍   | 186/288 [00:00\u003c00:00, 638.29it/s, Materializing param=layers.16.self_attn.o_proj.weight]\u001b[A\n"}
,{"stream_name":"stderr","time":95.714791609,"data":"\rLoading weights:  65%|██████▍   | 187/288 [00:00\u003c00:00, 638.29it/s, Materializing param=layers.16.self_attn.q_proj.weight]\u001b[A\n"}
,{"stream_name":"stderr","time":95.71500975,"data":"\rLoading weights:  65%|██████▍   | 187/288 [00:00\u003c00:00, 638.29it/s, Materializing param=layers.16.self_attn.q_proj.weight]\u001b[A\n"}
,{"stream_name":"stderr","time":95.715087385,"data":"\rLoading weights:  65%|██████▌   | 188/288 [00:00\u003c00:00, 638.29it/s, Materializing param=layers.16.self_attn.v_proj.weight]\u001b[A\n"}
,{"stream_name":"stderr","time":95.715352377,"data":"\rLoading weights:  65%|██████▌   | 188/288 [00:00\u003c00:00, 638.29it/s, Materializing param=layers.16.self_attn.v_proj.weight]\u001b[A\n"}
,{"stream_name":"stderr","time":95.715450216,"data":"\rLoading weights:  66%|██████▌   | 189/288 [00:00\u003c00:00, 638.29it/s, Materializing param=layers.17.input_layernorm.weight] \u001b[A\n"}
,{"stream_name":"stderr","time":95.715691111,"data":"\rLoading weights:  66%|██████▌   | 189/288 [00:00\u003c00:00, 638.29it/s, Materializing param=layers.17.input_layernorm.weight]\u001b[A\n"}
,{"stream_name":"stderr","time":95.715780952,"data":"\rLoading weights:  66%|██████▌   | 190/288 [00:00\u003c00:00, 638.29it/s, Materializing param=layers.17.mlp.down_proj.weight]  \u001b[A\n"}
,{"stream_name":"stderr","time":95.716023882,"data":"\rLoading weights:  66%|██████▌   | 190/288 [00:00\u003c00:00, 638.29it/s, Materializing param=layers.17.mlp.down_proj.weight]\u001b[A\n"}
,{"stream_name":"stderr","time":95.716110202,"data":"\rLoading weights:  66%|██████▋   | 191/288 [00:00\u003c00:00, 638.29it/s, Materializing param=layers.17.mlp.gate_proj.weight]\u001b[A\n"}
,{"stream_name":"stderr","time":95.71633112,"data":"\rLoading weights:  66%|██████▋   | 191/288 [00:00\u003c00:00, 638.29it/s, Materializing param=layers.17.mlp.gate_proj.weight]\u001b[A\n"}
,{"stream_name":"stderr","time":95.716444161,"data":"\rLoading weights:  67%|██████▋   | 192/288 [00:00\u003c00:00, 638.29it/s, Materializing param=layers.17.mlp.up_proj.weight]  \u001b[A\n"}
,{"stream_name":"stderr","time":95.716685138,"data":"\rLoading weights:  67%|██████▋   | 192/288 [00:00\u003c00:00, 638.29it/s, Materializing param=layers.17.mlp.up_proj.weight]\u001b[A\n"}
,{"stream_name":"stderr","time":95.716800367,"data":"\rLoading weights:  67%|██████▋   | 193/288 [00:00\u003c00:00, 638.29it/s, Materializing param=layers.17.post_attention_layernorm.weight]\u001b[A\n"}
,{"stream_name":"stderr","time":95.717045364,"data":"\rLoading weights:  67%|██████▋   | 193/288 [00:00\u003c00:00, 638.29it/s, Materializing param=layers.17.post_attention_layernorm.weight]\u001b[A\n"}
,{"stream_name":"stderr","time":95.717189011,"data":"\rLoading weights:  67%|██████▋   | 194/288 [00:00\u003c00:00, 638.29it/s, Materializing param=layers.17.post_feedforward_layernorm.weight]\u001b[A\n"}
,{"stream_name":"stderr","time":95.717470889,"data":"\rLoading weights:  67%|██████▋   | 194/288 [00:00\u003c00:00, 638.29it/s, Materializing param=layers.17.post_feedforward_layernorm.weight]\u001b[A\n"}
,{"stream_name":"stderr","time":95.717583228,"data":"\rLoading weights:  68%|██████▊   | 195/288 [00:00\u003c00:00, 638.29it/s, Materializing param=layers.17.pre_feedforward_layernorm.weight] \u001b[A\n"}
,{"stream_name":"stderr","time":95.71784654,"data":"\rLoading weights:  68%|██████▊   | 195/288 [00:00\u003c00:00, 638.29it/s, Materializing param=layers.17.pre_feedforward_layernorm.weight]\u001b[A\n"}
,{"stream_name":"stderr","time":95.717966585,"data":"\rLoading weights:  68%|██████▊   | 196/288 [00:00\u003c00:00, 638.29it/s, Materializing param=layers.17.self_attn.k_proj.weight]         \u001b[A\n"}
,{"stream_name":"stderr","time":95.718206041,"data":"\rLoading weights:  68%|██████▊   | 196/288 [00:00\u003c00:00, 638.29it/s, Materializing param=layers.17.self_attn.k_proj.weight]\u001b[A\n"}
,{"stream_name":"stderr","time":95.718299052,"data":"\rLoading weights:  68%|██████▊   | 197/288 [00:00\u003c00:00, 638.29it/s, Materializing param=layers.17.self_attn.o_proj.weight]\u001b[A\n"}
,{"stream_name":"stderr","time":95.71855464,"data":"\rLoading weights:  68%|██████▊   | 197/288 [00:00\u003c00:00, 638.29it/s, Materializing param=layers.17.self_attn.o_proj.weight]\u001b[A\n"}
,{"stream_name":"stderr","time":95.718628155,"data":"\rLoading weights:  69%|██████▉   | 198/288 [00:00\u003c00:00, 638.29it/s, Materializing param=layers.17.self_attn.q_proj.weight]\u001b[A\n"}
,{"stream_name":"stderr","time":95.718951775,"data":"\rLoading weights:  69%|██████▉   | 198/288 [00:00\u003c00:00, 638.29it/s, Materializing param=layers.17.self_attn.q_proj.weight]\u001b[A\n"}
,{"stream_name":"stderr","time":95.718983777,"data":"\rLoading weights:  69%|██████▉   | 199/288 [00:00\u003c00:00, 638.29it/s, Materializing param=layers.17.self_attn.v_proj.weight]\u001b[A\n"}
,{"stream_name":"stderr","time":95.719242331,"data":"\rLoading weights:  69%|██████▉   | 199/288 [00:00\u003c00:00, 638.29it/s, Materializing param=layers.17.self_attn.v_proj.weight]\u001b[A\n"}
,{"stream_name":"stderr","time":95.719376658,"data":"\rLoading weights:  69%|██████▉   | 200/288 [00:00\u003c00:00, 638.29it/s, Materializing param=layers.18.input_layernorm.weight] \u001b[A\n"}
,{"stream_name":"stderr","time":95.719602708,"data":"\rLoading weights:  69%|██████▉   | 200/288 [00:00\u003c00:00, 638.29it/s, Materializing param=layers.18.input_layernorm.weight]\u001b[A\n"}
,{"stream_name":"stderr","time":95.719706487,"data":"\rLoading weights:  70%|██████▉   | 201/288 [00:00\u003c00:00, 638.29it/s, Materializing param=layers.18.mlp.down_proj.weight]  \u001b[A\n"}
,{"stream_name":"stderr","time":95.719928674,"data":"\rLoading weights:  70%|██████▉   | 201/288 [00:00\u003c00:00, 638.29it/s, Materializing param=layers.18.mlp.down_proj.weight]\u001b[A\n"}
,{"stream_name":"stderr","time":95.720002306,"data":"\rLoading weights:  70%|███████   | 202/288 [00:00\u003c00:00, 638.29it/s, Materializing param=layers.18.mlp.gate_proj.weight]\u001b[A\n"}
,{"stream_name":"stderr","time":95.720253852,"data":"\rLoading weights:  70%|███████   | 202/288 [00:00\u003c00:00, 638.29it/s, Materializing param=layers.18.mlp.gate_proj.weight]\u001b[A\n"}
,{"stream_name":"stderr","time":95.720384122,"data":"\rLoading weights:  70%|███████   | 203/288 [00:00\u003c00:00, 638.29it/s, Materializing param=layers.18.mlp.up_proj.weight]  \u001b[A\n"}
,{"stream_name":"stderr","time":95.720588395,"data":"\rLoading weights:  70%|███████   | 203/288 [00:00\u003c00:00, 638.29it/s, Materializing param=layers.18.mlp.up_proj.weight]\u001b[A\n"}
,{"stream_name":"stderr","time":95.720695291,"data":"\rLoading weights:  71%|███████   | 204/288 [00:00\u003c00:00, 638.29it/s, Materializing param=layers.18.post_attention_layernorm.weight]\u001b[A\n"}
,{"stream_name":"stderr","time":95.720900826,"data":"\rLoading weights:  71%|███████   | 204/288 [00:00\u003c00:00, 638.29it/s, Materializing param=layers.18.post_attention_layernorm.weight]\u001b[A\n"}
,{"stream_name":"stderr","time":95.721005769,"data":"\rLoading weights:  71%|███████   | 205/288 [00:00\u003c00:00, 638.29it/s, Materializing param=layers.18.post_feedforward_layernorm.weight]\u001b[A\n"}
,{"stream_name":"stderr","time":95.721232073,"data":"\rLoading weights:  71%|███████   | 205/288 [00:00\u003c00:00, 638.29it/s, Materializing param=layers.18.post_feedforward_layernorm.weight]\u001b[A\n"}
,{"stream_name":"stderr","time":95.721348129,"data":"\rLoading weights:  72%|███████▏  | 206/288 [00:00\u003c00:00, 638.29it/s, Materializing param=layers.18.pre_feedforward_layernorm.weight] \u001b[A\n"}
,{"stream_name":"stderr","time":95.721569391,"data":"\rLoading weights:  72%|███████▏  | 206/288 [00:00\u003c00:00, 638.29it/s, Materializing param=layers.18.pre_feedforward_layernorm.weight]\u001b[A\n"}
,{"stream_name":"stderr","time":95.721678604,"data":"\rLoading weights:  72%|███████▏  | 207/288 [00:00\u003c00:00, 638.29it/s, Materializing param=layers.18.self_attn.k_proj.weight]         \u001b[A\n"}
,{"stream_name":"stderr","time":95.721885297,"data":"\rLoading weights:  72%|███████▏  | 207/288 [00:00\u003c00:00, 638.29it/s, Materializing param=layers.18.self_attn.k_proj.weight]\u001b[A\n"}
,{"stream_name":"stderr","time":95.72199226,"data":"\rLoading weights:  72%|███████▏  | 208/288 [00:00\u003c00:00, 638.29it/s, Materializing param=layers.18.self_attn.o_proj.weight]\u001b[A\n"}
,{"stream_name":"stderr","time":95.72219982,"data":"\rLoading weights:  72%|███████▏  | 208/288 [00:00\u003c00:00, 638.29it/s, Materializing param=layers.18.self_attn.o_proj.weight]\u001b[A\n"}
,{"stream_name":"stderr","time":95.722307644,"data":"\rLoading weights:  73%|███████▎  | 209/288 [00:00\u003c00:00, 638.29it/s, Materializing param=layers.18.self_attn.q_proj.weight]\u001b[A\n"}
,{"stream_name":"stderr","time":95.722590755,"data":"\rLoading weights:  73%|███████▎  | 209/288 [00:00\u003c00:00, 638.29it/s, Materializing param=layers.18.self_attn.q_proj.weight]\u001b[A\n"}
,{"stream_name":"stderr","time":95.722695924,"data":"\rLoading weights:  73%|███████▎  | 210/288 [00:00\u003c00:00, 638.29it/s, Materializing param=layers.18.self_attn.v_proj.weight]\u001b[A\n"}
,{"stream_name":"stderr","time":95.722975273,"data":"\rLoading weights:  73%|███████▎  | 210/288 [00:00\u003c00:00, 638.29it/s, Materializing param=layers.18.self_attn.v_proj.weight]\u001b[A\n"}
,{"stream_name":"stderr","time":95.723062535,"data":"\rLoading weights:  73%|███████▎  | 211/288 [00:00\u003c00:00, 638.29it/s, Materializing param=layers.19.input_layernorm.weight] \u001b[A\n"}
,{"stream_name":"stderr","time":95.723388199,"data":"\rLoading weights:  73%|███████▎  | 211/288 [00:00\u003c00:00, 638.29it/s, Materializing param=layers.19.input_layernorm.weight]\u001b[A\n"}
,{"stream_name":"stderr","time":95.723450518,"data":"\rLoading weights:  74%|███████▎  | 212/288 [00:00\u003c00:00, 638.29it/s, Materializing param=layers.19.mlp.down_proj.weight]  \u001b[A\n"}
,{"stream_name":"stderr","time":95.723732646,"data":"\rLoading weights:  74%|███████▎  | 212/288 [00:00\u003c00:00, 638.29it/s, Materializing param=layers.19.mlp.down_proj.weight]\u001b[A\n"}
,{"stream_name":"stderr","time":95.723823934,"data":"\rLoading weights:  74%|███████▍  | 213/288 [00:00\u003c00:00, 638.29it/s, Materializing param=layers.19.mlp.gate_proj.weight]\u001b[A\n"}
,{"stream_name":"stderr","time":95.72410487,"data":"\rLoading weights:  74%|███████▍  | 213/288 [00:00\u003c00:00, 638.29it/s, Materializing param=layers.19.mlp.gate_proj.weight]\u001b[A\n"}
,{"stream_name":"stderr","time":95.724218001,"data":"\rLoading weights:  74%|███████▍  | 214/288 [00:00\u003c00:00, 638.29it/s, Materializing param=layers.19.mlp.up_proj.weight]  \u001b[A\n"}
,{"stream_name":"stderr","time":95.724542791,"data":"\rLoading weights:  74%|███████▍  | 214/288 [00:00\u003c00:00, 638.29it/s, Materializing param=layers.19.mlp.up_proj.weight]\u001b[A\n"}
,{"stream_name":"stderr","time":95.724623068,"data":"\rLoading weights:  75%|███████▍  | 215/288 [00:00\u003c00:00, 638.29it/s, Materializing param=layers.19.post_attention_layernorm.weight]\u001b[A\n"}
,{"stream_name":"stderr","time":95.72484597,"data":"\rLoading weights:  75%|███████▍  | 215/288 [00:00\u003c00:00, 638.29it/s, Materializing param=layers.19.post_attention_layernorm.weight]\u001b[A\n"}
,{"stream_name":"stderr","time":95.724951136,"data":"\rLoading weights:  75%|███████▌  | 216/288 [00:00\u003c00:00, 638.29it/s, Materializing param=layers.19.post_feedforward_layernorm.weight]\u001b[A\n"}
,{"stream_name":"stderr","time":95.725172228,"data":"\rLoading weights:  75%|███████▌  | 216/288 [00:00\u003c00:00, 638.29it/s, Materializing param=layers.19.post_feedforward_layernorm.weight]\u001b[A\n"}
,{"stream_name":"stderr","time":95.72526187,"data":"\rLoading weights:  75%|███████▌  | 217/288 [00:00\u003c00:00, 638.29it/s, Materializing param=layers.19.pre_feedforward_layernorm.weight] \u001b[A\n"}
,{"stream_name":"stderr","time":95.725500336,"data":"\rLoading weights:  75%|███████▌  | 217/288 [00:00\u003c00:00, 638.29it/s, Materializing param=layers.19.pre_feedforward_layernorm.weight]\u001b[A\n"}
,{"stream_name":"stderr","time":95.725603874,"data":"\rLoading weights:  76%|███████▌  | 218/288 [00:00\u003c00:00, 638.29it/s, Materializing param=layers.19.self_attn.k_proj.weight]         \u001b[A\n"}
,{"stream_name":"stderr","time":95.725815707,"data":"\rLoading weights:  76%|███████▌  | 218/288 [00:00\u003c00:00, 638.29it/s, Materializing param=layers.19.self_attn.k_proj.weight]\u001b[A\n"}
,{"stream_name":"stderr","time":95.725894565,"data":"\rLoading weights:  76%|███████▌  | 219/288 [00:00\u003c00:00, 638.29it/s, Materializing param=layers.19.self_attn.o_proj.weight]\u001b[A\n"}
,{"stream_name":"stderr","time":95.726119123,"data":"\rLoading weights:  76%|███████▌  | 219/288 [00:00\u003c00:00, 638.29it/s, Materializing param=layers.19.self_attn.o_proj.weight]\u001b[A\n"}
,{"stream_name":"stderr","time":95.726219803,"data":"\rLoading weights:  76%|███████▋  | 220/288 [00:00\u003c00:00, 638.29it/s, Materializing param=layers.19.self_attn.q_proj.weight]\u001b[A\n"}
,{"stream_name":"stderr","time":95.726470506,"data":"\rLoading weights:  76%|███████▋  | 220/288 [00:00\u003c00:00, 638.29it/s, Materializing param=layers.19.self_attn.q_proj.weight]\u001b[A\n"}
,{"stream_name":"stderr","time":95.726541328,"data":"\rLoading weights:  77%|███████▋  | 221/288 [00:00\u003c00:00, 638.29it/s, Materializing param=layers.19.self_attn.v_proj.weight]\u001b[A\n"}
,{"stream_name":"stderr","time":95.726769759,"data":"\rLoading weights:  77%|███████▋  | 221/288 [00:00\u003c00:00, 638.29it/s, Materializing param=layers.19.self_attn.v_proj.weight]\u001b[A\n"}
,{"stream_name":"stderr","time":95.726841152,"data":"\rLoading weights:  77%|███████▋  | 222/288 [00:00\u003c00:00, 638.29it/s, Materializing param=layers.20.input_layernorm.weight] \u001b[A\n"}
,{"stream_name":"stderr","time":95.727086691,"data":"\rLoading weights:  77%|███████▋  | 222/288 [00:00\u003c00:00, 638.29it/s, Materializing param=layers.20.input_layernorm.weight]\u001b[A\n"}
,{"stream_name":"stderr","time":95.727176877,"data":"\rLoading weights:  77%|███████▋  | 223/288 [00:00\u003c00:00, 638.29it/s, Materializing param=layers.20.mlp.down_proj.weight]  \u001b[A\n"}
,{"stream_name":"stderr","time":95.727417609,"data":"\rLoading weights:  77%|███████▋  | 223/288 [00:00\u003c00:00, 638.29it/s, Materializing param=layers.20.mlp.down_proj.weight]\u001b[A\n"}
,{"stream_name":"stderr","time":95.727514479,"data":"\rLoading weights:  78%|███████▊  | 224/288 [00:00\u003c00:00, 638.29it/s, Materializing param=layers.20.mlp.gate_proj.weight]\u001b[A\n"}
,{"stream_name":"stderr","time":95.727724114,"data":"\rLoading weights:  78%|███████▊  | 224/288 [00:00\u003c00:00, 638.29it/s, Materializing param=layers.20.mlp.gate_proj.weight]\u001b[A\n"}
,{"stream_name":"stderr","time":95.727828749,"data":"\rLoading weights:  78%|███████▊  | 225/288 [00:00\u003c00:00, 638.29it/s, Materializing param=layers.20.mlp.up_proj.weight]  \u001b[A\n"}
,{"stream_name":"stderr","time":95.72802107,"data":"\rLoading weights:  78%|███████▊  | 225/288 [00:00\u003c00:00, 638.29it/s, Materializing param=layers.20.mlp.up_proj.weight]\u001b[A\n"}
,{"stream_name":"stderr","time":95.728120693,"data":"\rLoading weights:  78%|███████▊  | 226/288 [00:00\u003c00:00, 638.29it/s, Materializing param=layers.20.post_attention_layernorm.weight]\u001b[A\n"}
,{"stream_name":"stderr","time":95.728348369,"data":"\rLoading weights:  78%|███████▊  | 226/288 [00:00\u003c00:00, 638.29it/s, Materializing param=layers.20.post_attention_layernorm.weight]\u001b[A\n"}
,{"stream_name":"stderr","time":95.728444109,"data":"\rLoading weights:  79%|███████▉  | 227/288 [00:00\u003c00:00, 638.29it/s, Materializing param=layers.20.post_feedforward_layernorm.weight]\u001b[A\n"}
,{"stream_name":"stderr","time":95.728676567,"data":"\rLoading weights:  79%|███████▉  | 227/288 [00:00\u003c00:00, 638.29it/s, Materializing param=layers.20.post_feedforward_layernorm.weight]\u001b[A\n"}
,{"stream_name":"stderr","time":95.728765234,"data":"\rLoading weights:  79%|███████▉  | 228/288 [00:00\u003c00:00, 638.29it/s, Materializing param=layers.20.pre_feedforward_layernorm.weight] \u001b[A\n"}
,{"stream_name":"stderr","time":95.72898386,"data":"\rLoading weights:  79%|███████▉  | 228/288 [00:00\u003c00:00, 638.29it/s, Materializing param=layers.20.pre_feedforward_layernorm.weight]\u001b[A\n"}
,{"stream_name":"stderr","time":95.729078368,"data":"\rLoading weights:  80%|███████▉  | 229/288 [00:00\u003c00:00, 638.29it/s, Materializing param=layers.20.self_attn.k_proj.weight]         \u001b[A\n"}
,{"stream_name":"stderr","time":95.729311772,"data":"\rLoading weights:  80%|███████▉  | 229/288 [00:00\u003c00:00, 638.29it/s, Materializing param=layers.20.self_attn.k_proj.weight]\u001b[A\n"}
,{"stream_name":"stderr","time":95.729417384,"data":"\rLoading weights:  80%|███████▉  | 230/288 [00:00\u003c00:00, 638.29it/s, Materializing param=layers.20.self_attn.o_proj.weight]\u001b[A\n"}
,{"stream_name":"stderr","time":95.729634101,"data":"\rLoading weights:  80%|███████▉  | 230/288 [00:00\u003c00:00, 638.29it/s, Materializing param=layers.20.self_attn.o_proj.weight]\u001b[A\n"}
,{"stream_name":"stderr","time":95.729736037,"data":"\rLoading weights:  80%|████████  | 231/288 [00:00\u003c00:00, 638.29it/s, Materializing param=layers.20.self_attn.q_proj.weight]\u001b[A\n"}
,{"stream_name":"stderr","time":95.729936584,"data":"\rLoading weights:  80%|████████  | 231/288 [00:00\u003c00:00, 638.29it/s, Materializing param=layers.20.self_attn.q_proj.weight]\u001b[A\n"}
,{"stream_name":"stderr","time":95.730032778,"data":"\rLoading weights:  81%|████████  | 232/288 [00:00\u003c00:00, 638.29it/s, Materializing param=layers.20.self_attn.v_proj.weight]\u001b[A\n"}
,{"stream_name":"stderr","time":95.730258722,"data":"\rLoading weights:  81%|████████  | 232/288 [00:00\u003c00:00, 638.29it/s, Materializing param=layers.20.self_attn.v_proj.weight]\u001b[A\n"}
,{"stream_name":"stderr","time":95.730369155,"data":"\rLoading weights:  81%|████████  | 233/288 [00:00\u003c00:00, 638.29it/s, Materializing param=layers.21.input_layernorm.weight] \u001b[A\n"}
,{"stream_name":"stderr","time":95.730583256,"data":"\rLoading weights:  81%|████████  | 233/288 [00:00\u003c00:00, 638.29it/s, Materializing param=layers.21.input_layernorm.weight]\u001b[A\n"}
,{"stream_name":"stderr","time":95.730684063,"data":"\rLoading weights:  81%|████████▏ | 234/288 [00:00\u003c00:00, 638.29it/s, Materializing param=layers.21.mlp.down_proj.weight]  \u001b[A\n"}
,{"stream_name":"stderr","time":95.730887734,"data":"\rLoading weights:  81%|████████▏ | 234/288 [00:00\u003c00:00, 638.29it/s, Materializing param=layers.21.mlp.down_proj.weight]\u001b[A\n"}
,{"stream_name":"stderr","time":95.730988121,"data":"\rLoading weights:  82%|████████▏ | 235/288 [00:00\u003c00:00, 638.29it/s, Materializing param=layers.21.mlp.gate_proj.weight]\u001b[A\n"}
,{"stream_name":"stderr","time":95.731200346,"data":"\rLoading weights:  82%|████████▏ | 235/288 [00:00\u003c00:00, 638.29it/s, Materializing param=layers.21.mlp.gate_proj.weight]\u001b[A\n"}
,{"stream_name":"stderr","time":95.731302538,"data":"\rLoading weights:  82%|████████▏ | 236/288 [00:00\u003c00:00, 638.29it/s, Materializing param=layers.21.mlp.up_proj.weight]  \u001b[A\n"}
,{"stream_name":"stderr","time":95.731521621,"data":"\rLoading weights:  82%|████████▏ | 236/288 [00:00\u003c00:00, 638.29it/s, Materializing param=layers.21.mlp.up_proj.weight]\u001b[A\n"}
,{"stream_name":"stderr","time":95.731621158,"data":"\rLoading weights:  82%|████████▏ | 237/288 [00:00\u003c00:00, 638.29it/s, Materializing param=layers.21.post_attention_layernorm.weight]\u001b[A\n"}
,{"stream_name":"stderr","time":95.731833243,"data":"\rLoading weights:  82%|████████▏ | 237/288 [00:00\u003c00:00, 638.29it/s, Materializing param=layers.21.post_attention_layernorm.weight]\u001b[A\n"}
,{"stream_name":"stderr","time":95.73193575,"data":"\rLoading weights:  83%|████████▎ | 238/288 [00:00\u003c00:00, 638.29it/s, Materializing param=layers.21.post_feedforward_layernorm.weight]\u001b[A\n"}
,{"stream_name":"stderr","time":95.73213394,"data":"\rLoading weights:  83%|████████▎ | 238/288 [00:00\u003c00:00, 638.29it/s, Materializing param=layers.21.post_feedforward_layernorm.weight]\u001b[A\n"}
,{"stream_name":"stderr","time":95.732239473,"data":"\rLoading weights:  83%|████████▎ | 239/288 [00:00\u003c00:00, 638.29it/s, Materializing param=layers.21.pre_feedforward_layernorm.weight] \u001b[A\n"}
,{"stream_name":"stderr","time":95.732511922,"data":"\rLoading weights:  83%|████████▎ | 239/288 [00:00\u003c00:00, 638.29it/s, Materializing param=layers.21.pre_feedforward_layernorm.weight]\u001b[A\n"}
,{"stream_name":"stderr","time":95.732606781,"data":"\rLoading weights:  83%|████████▎ | 240/288 [00:00\u003c00:00, 638.29it/s, Materializing param=layers.21.self_attn.k_proj.weight]         \u001b[A\n"}
,{"stream_name":"stderr","time":95.732850118,"data":"\rLoading weights:  83%|████████▎ | 240/288 [00:00\u003c00:00, 638.29it/s, Materializing param=layers.21.self_attn.k_proj.weight]\u001b[A\n"}
,{"stream_name":"stderr","time":95.732958374,"data":"\rLoading weights:  84%|████████▎ | 241/288 [00:00\u003c00:00, 638.29it/s, Materializing param=layers.21.self_attn.o_proj.weight]\u001b[A\n"}
,{"stream_name":"stderr","time":95.733224855,"data":"\rLoading weights:  84%|████████▎ | 241/288 [00:00\u003c00:00, 638.29it/s, Materializing param=layers.21.self_attn.o_proj.weight]\u001b[A\n"}
,{"stream_name":"stderr","time":95.733325784,"data":"\rLoading weights:  84%|████████▍ | 242/288 [00:00\u003c00:00, 638.29it/s, Materializing param=layers.21.self_attn.q_proj.weight]\u001b[A\n"}
,{"stream_name":"stderr","time":95.733561974,"data":"\rLoading weights:  84%|████████▍ | 242/288 [00:00\u003c00:00, 638.29it/s, Materializing param=layers.21.self_attn.q_proj.weight]\u001b[A\n"}
,{"stream_name":"stderr","time":95.733674878,"data":"\rLoading weights:  84%|████████▍ | 243/288 [00:00\u003c00:00, 638.29it/s, Materializing param=layers.21.self_attn.v_proj.weight]\u001b[A\n"}
,{"stream_name":"stderr","time":95.733912886,"data":"\rLoading weights:  84%|████████▍ | 243/288 [00:00\u003c00:00, 638.29it/s, Materializing param=layers.21.self_attn.v_proj.weight]\u001b[A\n"}
,{"stream_name":"stderr","time":95.734002099,"data":"\rLoading weights:  85%|████████▍ | 244/288 [00:00\u003c00:00, 638.29it/s, Materializing param=layers.22.input_layernorm.weight] \u001b[A\n"}
,{"stream_name":"stderr","time":95.734239153,"data":"\rLoading weights:  85%|████████▍ | 244/288 [00:00\u003c00:00, 638.29it/s, Materializing param=layers.22.input_layernorm.weight]\u001b[A\n"}
,{"stream_name":"stderr","time":95.734358882,"data":"\rLoading weights:  85%|████████▌ | 245/288 [00:00\u003c00:00, 638.29it/s, Materializing param=layers.22.mlp.down_proj.weight]  \u001b[A\n"}
,{"stream_name":"stderr","time":95.734599493,"data":"\rLoading weights:  85%|████████▌ | 245/288 [00:00\u003c00:00, 638.29it/s, Materializing param=layers.22.mlp.down_proj.weight]\u001b[A\n"}
,{"stream_name":"stderr","time":95.73468012,"data":"\rLoading weights:  85%|████████▌ | 246/288 [00:00\u003c00:00, 638.29it/s, Materializing param=layers.22.mlp.gate_proj.weight]\u001b[A\n"}
,{"stream_name":"stderr","time":95.734925075,"data":"\rLoading weights:  85%|████████▌ | 246/288 [00:00\u003c00:00, 638.29it/s, Materializing param=layers.22.mlp.gate_proj.weight]\u001b[A\n"}
,{"stream_name":"stderr","time":95.735001134,"data":"\rLoading weights:  86%|████████▌ | 247/288 [00:00\u003c00:00, 638.29it/s, Materializing param=layers.22.mlp.up_proj.weight]  \u001b[A\n"}
,{"stream_name":"stderr","time":95.735255079,"data":"\rLoading weights:  86%|████████▌ | 247/288 [00:00\u003c00:00, 638.29it/s, Materializing param=layers.22.mlp.up_proj.weight]\u001b[A\n"}
,{"stream_name":"stderr","time":95.735364316,"data":"\rLoading weights:  86%|████████▌ | 248/288 [00:00\u003c00:00, 638.29it/s, Materializing param=layers.22.post_attention_layernorm.weight]\u001b[A\n"}
,{"stream_name":"stderr","time":95.735620854,"data":"\rLoading weights:  86%|████████▌ | 248/288 [00:00\u003c00:00, 638.29it/s, Materializing param=layers.22.post_attention_layernorm.weight]\u001b[A\n"}
,{"stream_name":"stderr","time":95.735730483,"data":"\rLoading weights:  86%|████████▋ | 249/288 [00:00\u003c00:00, 638.29it/s, Materializing param=layers.22.post_feedforward_layernorm.weight]\u001b[A\n"}
,{"stream_name":"stderr","time":95.735955189,"data":"\rLoading weights:  86%|████████▋ | 249/288 [00:00\u003c00:00, 638.29it/s, Materializing param=layers.22.post_feedforward_layernorm.weight]\u001b[A\n"}
,{"stream_name":"stderr","time":95.736053859,"data":"\rLoading weights:  87%|████████▋ | 250/288 [00:00\u003c00:00, 638.29it/s, Materializing param=layers.22.pre_feedforward_layernorm.weight] \u001b[A\n"}
,{"stream_name":"stderr","time":95.736294039,"data":"\rLoading weights:  87%|████████▋ | 250/288 [00:00\u003c00:00, 638.29it/s, Materializing param=layers.22.pre_feedforward_layernorm.weight]\u001b[A\n"}
,{"stream_name":"stderr","time":95.736397059,"data":"\rLoading weights:  87%|████████▋ | 251/288 [00:00\u003c00:00, 638.29it/s, Materializing param=layers.22.self_attn.k_proj.weight]         \u001b[A\n"}
,{"stream_name":"stderr","time":95.736624558,"data":"\rLoading weights:  87%|████████▋ | 251/288 [00:00\u003c00:00, 638.29it/s, Materializing param=layers.22.self_attn.k_proj.weight]\u001b[A\n"}
,{"stream_name":"stderr","time":95.736749668,"data":"\rLoading weights:  88%|████████▊ | 252/288 [00:00\u003c00:00, 638.29it/s, Materializing param=layers.22.self_attn.o_proj.weight]\u001b[A\n"}
,{"stream_name":"stderr","time":95.736985442,"data":"\rLoading weights:  88%|████████▊ | 252/288 [00:00\u003c00:00, 638.29it/s, Materializing param=layers.22.self_attn.o_proj.weight]\u001b[A\n"}
,{"stream_name":"stderr","time":95.737080967,"data":"\rLoading weights:  88%|████████▊ | 253/288 [00:00\u003c00:00, 638.29it/s, Materializing param=layers.22.self_attn.q_proj.weight]\u001b[A\n"}
,{"stream_name":"stderr","time":95.737332152,"data":"\rLoading weights:  88%|████████▊ | 253/288 [00:00\u003c00:00, 638.29it/s, Materializing param=layers.22.self_attn.q_proj.weight]\u001b[A\n"}
,{"stream_name":"stderr","time":95.737435546,"data":"\rLoading weights:  88%|████████▊ | 254/288 [00:00\u003c00:00, 638.29it/s, Materializing param=layers.22.self_attn.v_proj.weight]\u001b[A\n"}
,{"stream_name":"stderr","time":95.737669699,"data":"\rLoading weights:  88%|████████▊ | 254/288 [00:00\u003c00:00, 638.29it/s, Materializing param=layers.22.self_attn.v_proj.weight]\u001b[A\n"}
,{"stream_name":"stderr","time":95.73778164,"data":"\rLoading weights:  89%|████████▊ | 255/288 [00:00\u003c00:00, 638.29it/s, Materializing param=layers.23.input_layernorm.weight] \u001b[A\n"}
,{"stream_name":"stderr","time":95.73797713,"data":"\rLoading weights:  89%|████████▊ | 255/288 [00:00\u003c00:00, 638.29it/s, Materializing param=layers.23.input_layernorm.weight]\u001b[A\n"}
,{"stream_name":"stderr","time":95.738086328,"data":"\rLoading weights:  89%|████████▉ | 256/288 [00:00\u003c00:00, 638.29it/s, Materializing param=layers.23.mlp.down_proj.weight]  \u001b[A\n"}
,{"stream_name":"stderr","time":95.738291087,"data":"\rLoading weights:  89%|████████▉ | 256/288 [00:00\u003c00:00, 638.29it/s, Materializing param=layers.23.mlp.down_proj.weight]\u001b[A\n"}
,{"stream_name":"stderr","time":95.738404468,"data":"\rLoading weights:  89%|████████▉ | 257/288 [00:00\u003c00:00, 638.29it/s, Materializing param=layers.23.mlp.gate_proj.weight]\u001b[A\n"}
,{"stream_name":"stderr","time":95.738635697,"data":"\rLoading weights:  89%|████████▉ | 257/288 [00:00\u003c00:00, 638.29it/s, Materializing param=layers.23.mlp.gate_proj.weight]\u001b[A\n"}
,{"stream_name":"stderr","time":95.738723003,"data":"\rLoading weights:  90%|████████▉ | 258/288 [00:00\u003c00:00, 638.29it/s, Materializing param=layers.23.mlp.up_proj.weight]  \u001b[A\n"}
,{"stream_name":"stderr","time":95.73893536,"data":"\rLoading weights:  90%|████████▉ | 258/288 [00:00\u003c00:00, 638.29it/s, Materializing param=layers.23.mlp.up_proj.weight]\u001b[A\n"}
,{"stream_name":"stderr","time":95.739038932,"data":"\rLoading weights:  90%|████████▉ | 259/288 [00:00\u003c00:00, 638.29it/s, Materializing param=layers.23.post_attention_layernorm.weight]\u001b[A\n"}
,{"stream_name":"stderr","time":95.739265888,"data":"\rLoading weights:  90%|████████▉ | 259/288 [00:00\u003c00:00, 638.29it/s, Materializing param=layers.23.post_attention_layernorm.weight]\u001b[A\n"}
,{"stream_name":"stderr","time":95.739352615,"data":"\rLoading weights:  90%|█████████ | 260/288 [00:00\u003c00:00, 638.29it/s, Materializing param=layers.23.post_feedforward_layernorm.weight]\u001b[A\n"}
,{"stream_name":"stderr","time":95.739595283,"data":"\rLoading weights:  90%|█████████ | 260/288 [00:00\u003c00:00, 638.29it/s, Materializing param=layers.23.post_feedforward_layernorm.weight]\u001b[A\n"}
,{"stream_name":"stderr","time":95.739697645,"data":"\rLoading weights:  91%|█████████ | 261/288 [00:00\u003c00:00, 638.29it/s, Materializing param=layers.23.pre_feedforward_layernorm.weight] \u001b[A\n"}
,{"stream_name":"stderr","time":95.739917896,"data":"\rLoading weights:  91%|█████████ | 261/288 [00:00\u003c00:00, 638.29it/s, Materializing param=layers.23.pre_feedforward_layernorm.weight]\u001b[A\n"}
,{"stream_name":"stderr","time":95.740006932,"data":"\rLoading weights:  91%|█████████ | 262/288 [00:00\u003c00:00, 638.29it/s, Materializing param=layers.23.self_attn.k_proj.weight]         \u001b[A\n"}
,{"stream_name":"stderr","time":95.740251174,"data":"\rLoading weights:  91%|█████████ | 262/288 [00:00\u003c00:00, 638.29it/s, Materializing param=layers.23.self_attn.k_proj.weight]\u001b[A\n"}
,{"stream_name":"stderr","time":95.740367995,"data":"\rLoading weights:  91%|█████████▏| 263/288 [00:00\u003c00:00, 638.29it/s, Materializing param=layers.23.self_attn.o_proj.weight]\u001b[A\n"}
,{"stream_name":"stderr","time":95.740599308,"data":"\rLoading weights:  91%|█████████▏| 263/288 [00:00\u003c00:00, 638.29it/s, Materializing param=layers.23.self_attn.o_proj.weight]\u001b[A\n"}
,{"stream_name":"stderr","time":95.740698419,"data":"\rLoading weights:  92%|█████████▏| 264/288 [00:00\u003c00:00, 638.29it/s, Materializing param=layers.23.self_attn.q_proj.weight]\u001b[A\n"}
,{"stream_name":"stderr","time":95.740922267,"data":"\rLoading weights:  92%|█████████▏| 264/288 [00:00\u003c00:00, 638.29it/s, Materializing param=layers.23.self_attn.q_proj.weight]\u001b[A\n"}
,{"stream_name":"stderr","time":95.740995105,"data":"\rLoading weights:  92%|█████████▏| 265/288 [00:00\u003c00:00, 638.29it/s, Materializing param=layers.23.self_attn.v_proj.weight]\u001b[A\n"}
,{"stream_name":"stderr","time":95.741254178,"data":"\rLoading weights:  92%|█████████▏| 265/288 [00:00\u003c00:00, 638.29it/s, Materializing param=layers.23.self_attn.v_proj.weight]\u001b[A\n"}
,{"stream_name":"stderr","time":95.741355388,"data":"\rLoading weights:  92%|█████████▏| 266/288 [00:00\u003c00:00, 638.29it/s, Materializing param=layers.24.input_layernorm.weight] \u001b[A\n"}
,{"stream_name":"stderr","time":95.741606249,"data":"\rLoading weights:  92%|█████████▏| 266/288 [00:00\u003c00:00, 638.29it/s, Materializing param=layers.24.input_layernorm.weight]\u001b[A\n"}
,{"stream_name":"stderr","time":95.741685515,"data":"\rLoading weights:  93%|█████████▎| 267/288 [00:00\u003c00:00, 638.29it/s, Materializing param=layers.24.mlp.down_proj.weight]  \u001b[A\n"}
,{"stream_name":"stderr","time":95.741939343,"data":"\rLoading weights:  93%|█████████▎| 267/288 [00:00\u003c00:00, 638.29it/s, Materializing param=layers.24.mlp.down_proj.weight]\u001b[A\n"}
,{"stream_name":"stderr","time":95.74201625,"data":"\rLoading weights:  93%|█████████▎| 268/288 [00:00\u003c00:00, 638.29it/s, Materializing param=layers.24.mlp.gate_proj.weight]\u001b[A\n"}
,{"stream_name":"stderr","time":95.742265652,"data":"\rLoading weights:  93%|█████████▎| 268/288 [00:00\u003c00:00, 638.29it/s, Materializing param=layers.24.mlp.gate_proj.weight]\u001b[A\n"}
,{"stream_name":"stderr","time":95.742374251,"data":"\rLoading weights:  93%|█████████▎| 269/288 [00:00\u003c00:00, 638.29it/s, Materializing param=layers.24.mlp.up_proj.weight]  \u001b[A\n"}
,{"stream_name":"stderr","time":95.742618917,"data":"\rLoading weights:  93%|█████████▎| 269/288 [00:00\u003c00:00, 638.29it/s, Materializing param=layers.24.mlp.up_proj.weight]\u001b[A\n"}
,{"stream_name":"stderr","time":95.742714356,"data":"\rLoading weights:  94%|█████████▍| 270/288 [00:00\u003c00:00, 638.29it/s, Materializing param=layers.24.post_attention_layernorm.weight]\u001b[A\n"}
,{"stream_name":"stderr","time":95.742921945,"data":"\rLoading weights:  94%|█████████▍| 270/288 [00:00\u003c00:00, 638.29it/s, Materializing param=layers.24.post_attention_layernorm.weight]\u001b[A\n"}
,{"stream_name":"stderr","time":95.743031759,"data":"\rLoading weights:  94%|█████████▍| 271/288 [00:00\u003c00:00, 638.29it/s, Materializing param=layers.24.post_feedforward_layernorm.weight]\u001b[A\n"}
,{"stream_name":"stderr","time":95.743252178,"data":"\rLoading weights:  94%|█████████▍| 271/288 [00:00\u003c00:00, 638.29it/s, Materializing param=layers.24.post_feedforward_layernorm.weight]\u001b[A\n"}
,{"stream_name":"stderr","time":95.743377362,"data":"\rLoading weights:  94%|█████████▍| 272/288 [00:00\u003c00:00, 638.29it/s, Materializing param=layers.24.pre_feedforward_layernorm.weight] \u001b[A\n"}
,{"stream_name":"stderr","time":95.743588678,"data":"\rLoading weights:  94%|█████████▍| 272/288 [00:00\u003c00:00, 638.29it/s, Materializing param=layers.24.pre_feedforward_layernorm.weight]\u001b[A\n"}
,{"stream_name":"stderr","time":95.74368007,"data":"\rLoading weights:  95%|█████████▍| 273/288 [00:00\u003c00:00, 638.29it/s, Materializing param=layers.24.self_attn.k_proj.weight]         \u001b[A\n"}
,{"stream_name":"stderr","time":95.743911423,"data":"\rLoading weights:  95%|█████████▍| 273/288 [00:00\u003c00:00, 638.29it/s, Materializing param=layers.24.self_attn.k_proj.weight]\u001b[A\n"}
,{"stream_name":"stderr","time":95.744002451,"data":"\rLoading weights:  95%|█████████▌| 274/288 [00:00\u003c00:00, 638.29it/s, Materializing param=layers.24.self_attn.o_proj.weight]\u001b[A\n"}
,{"stream_name":"stderr","time":95.744230668,"data":"\rLoading weights:  95%|█████████▌| 274/288 [00:00\u003c00:00, 638.29it/s, Materializing param=layers.24.self_attn.o_proj.weight]\u001b[A\n"}
,{"stream_name":"stderr","time":95.744347198,"data":"\rLoading weights:  95%|█████████▌| 275/288 [00:00\u003c00:00, 638.29it/s, Materializing param=layers.24.self_attn.q_proj.weight]\u001b[A\n"}
,{"stream_name":"stderr","time":95.744582534,"data":"\rLoading weights:  95%|█████████▌| 275/288 [00:00\u003c00:00, 638.29it/s, Materializing param=layers.24.self_attn.q_proj.weight]\u001b[A\n"}
,{"stream_name":"stderr","time":95.744692107,"data":"\rLoading weights:  96%|█████████▌| 276/288 [00:00\u003c00:00, 638.29it/s, Materializing param=layers.24.self_attn.v_proj.weight]\u001b[A\n"}
,{"stream_name":"stderr","time":95.744895582,"data":"\rLoading weights:  96%|█████████▌| 276/288 [00:00\u003c00:00, 638.29it/s, Materializing param=layers.24.self_attn.v_proj.weight]\u001b[A\n"}
,{"stream_name":"stderr","time":95.745001836,"data":"\rLoading weights:  96%|█████████▌| 277/288 [00:00\u003c00:00, 638.29it/s, Materializing param=layers.25.input_layernorm.weight] \u001b[A\n"}
,{"stream_name":"stderr","time":95.745208653,"data":"\rLoading weights:  96%|█████████▌| 277/288 [00:00\u003c00:00, 638.29it/s, Materializing param=layers.25.input_layernorm.weight]\u001b[A\n"}
,{"stream_name":"stderr","time":95.745313818,"data":"\rLoading weights:  97%|█████████▋| 278/288 [00:00\u003c00:00, 638.29it/s, Materializing param=layers.25.mlp.down_proj.weight]  \u001b[A\n"}
,{"stream_name":"stderr","time":95.745556672,"data":"\rLoading weights:  97%|█████████▋| 278/288 [00:00\u003c00:00, 638.29it/s, Materializing param=layers.25.mlp.down_proj.weight]\u001b[A\n"}
,{"stream_name":"stderr","time":95.745630154,"data":"\rLoading weights:  97%|█████████▋| 279/288 [00:00\u003c00:00, 638.29it/s, Materializing param=layers.25.mlp.gate_proj.weight]\u001b[A\n"}
,{"stream_name":"stderr","time":95.745865114,"data":"\rLoading weights:  97%|█████████▋| 279/288 [00:00\u003c00:00, 638.29it/s, Materializing param=layers.25.mlp.gate_proj.weight]\u001b[A\n"}
,{"stream_name":"stderr","time":95.745973132,"data":"\rLoading weights:  97%|█████████▋| 280/288 [00:00\u003c00:00, 638.29it/s, Materializing param=layers.25.mlp.up_proj.weight]  \u001b[A\n"}
,{"stream_name":"stderr","time":95.746193869,"data":"\rLoading weights:  97%|█████████▋| 280/288 [00:00\u003c00:00, 638.29it/s, Materializing param=layers.25.mlp.up_proj.weight]\u001b[A\n"}
,{"stream_name":"stderr","time":95.74628416,"data":"\rLoading weights:  98%|█████████▊| 281/288 [00:00\u003c00:00, 638.29it/s, Materializing param=layers.25.post_attention_layernorm.weight]\u001b[A\n"}
,{"stream_name":"stderr","time":95.746533527,"data":"\rLoading weights:  98%|█████████▊| 281/288 [00:00\u003c00:00, 638.29it/s, Materializing param=layers.25.post_attention_layernorm.weight]\u001b[A\n"}
,{"stream_name":"stderr","time":95.746639058,"data":"\rLoading weights:  98%|█████████▊| 282/288 [00:00\u003c00:00, 638.29it/s, Materializing param=layers.25.post_feedforward_layernorm.weight]\u001b[A\n"}
,{"stream_name":"stderr","time":95.74684847,"data":"\rLoading weights:  98%|█████████▊| 282/288 [00:00\u003c00:00, 638.29it/s, Materializing param=layers.25.post_feedforward_layernorm.weight]\u001b[A\n"}
,{"stream_name":"stderr","time":95.746931619,"data":"\rLoading weights:  98%|█████████▊| 283/288 [00:00\u003c00:00, 638.29it/s, Materializing param=layers.25.pre_feedforward_layernorm.weight] \u001b[A\n"}
,{"stream_name":"stderr","time":95.747186076,"data":"\rLoading weights:  98%|█████████▊| 283/288 [00:00\u003c00:00, 638.29it/s, Materializing param=layers.25.pre_feedforward_layernorm.weight]\u001b[A\n"}
,{"stream_name":"stderr","time":95.74726315,"data":"\rLoading weights:  99%|█████████▊| 284/288 [00:00\u003c00:00, 638.29it/s, Materializing param=layers.25.self_attn.k_proj.weight]         \u001b[A\n"}
,{"stream_name":"stderr","time":95.747531634,"data":"\rLoading weights:  99%|█████████▊| 284/288 [00:00\u003c00:00, 638.29it/s, Materializing param=layers.25.self_attn.k_proj.weight]\u001b[A\n"}
,{"stream_name":"stderr","time":95.747634362,"data":"\rLoading weights:  99%|█████████▉| 285/288 [00:00\u003c00:00, 638.29it/s, Materializing param=layers.25.self_attn.o_proj.weight]\u001b[A\n"}
,{"stream_name":"stderr","time":95.747837115,"data":"\rLoading weights:  99%|█████████▉| 285/288 [00:00\u003c00:00, 638.29it/s, Materializing param=layers.25.self_attn.o_proj.weight]\u001b[A\n"}
,{"stream_name":"stderr","time":95.747945875,"data":"\rLoading weights:  99%|█████████▉| 286/288 [00:00\u003c00:00, 638.29it/s, Materializing param=layers.25.self_attn.q_proj.weight]\u001b[A\n"}
,{"stream_name":"stderr","time":95.748155747,"data":"\rLoading weights:  99%|█████████▉| 286/288 [00:00\u003c00:00, 638.29it/s, Materializing param=layers.25.self_attn.q_proj.weight]\u001b[A\n"}
,{"stream_name":"stderr","time":95.748261638,"data":"\rLoading weights: 100%|█████████▉| 287/288 [00:00\u003c00:00, 638.29it/s, Materializing param=layers.25.self_attn.v_proj.weight]\u001b[A\n"}
,{"stream_name":"stderr","time":95.748511351,"data":"\rLoading weights: 100%|█████████▉| 287/288 [00:00\u003c00:00, 638.29it/s, Materializing param=layers.25.self_attn.v_proj.weight]\u001b[A\n"}
,{"stream_name":"stderr","time":95.74856686,"data":"\rLoading weights: 100%|██████████| 288/288 [00:00\u003c00:00, 638.29it/s, Materializing param=norm.weight]                      \u001b[A\n"}
,{"stream_name":"stderr","time":95.748888487,"data":"\rLoading weights: 100%|██████████| 288/288 [00:00\u003c00:00, 638.29it/s, Materializing param=norm.weight]\u001b[A\rLoading weights: 100%|██████████| 288/288 [00:00\u003c00:00, 1647.87it/s, Materializing param=norm.weight]\n"}
,{"stream_name":"stderr","time":101.232184716,"data":"\rLoading pipeline components...:  20%|██        | 1/5 [00:00\u003c00:02,  1.85it/s]\rLoading pipeline components...:  40%|████      | 2/5 [00:04\u003c00:06,  2.32s/it]\rLoading pipeline components...:  60%|██████    | 3/5 [00:05\u003c00:04,  2.08s/it]\rLoading pipeline components...: 100%|██████████| 5/5 [00:06\u003c00:00,  1.20s/it]\n"}
,{"stream_name":"stdout","time":104.465042109,"data":"[sana_sprint] augmented prompt: A weathered brass automaton head resting on archive shelves among dusty ledgers, candlelight, shallow depth of field, cinematic. NOT blurry, use sharp focus, high detail instead, NOT low quality, use sharp focus, high detail instead, NOT watermark, use sharp focus, high detail instead, NOT text, use sharp focus, high detail instead.\n"}
,{"stream_name":"stderr","time":108.402449722,"data":"\r  0%|          | 0/2 [00:00\u003c?, ?it/s]\r 50%|█████     | 1/2 [00:00\u003c00:00,  1.37it/s]\r100%|██████████| 2/2 [00:01\u003c00:00,  1.00it/s]\r100%|██████████| 2/2 [00:01\u003c00:00,  1.05it/s]\n"}
,{"stream_name":"stdout","time":114.268640052,"data":"[sana_sprint] manifest: {\"model_id\": \"Efficient-Large-Model/Sana_Sprint_1.6B_1024px_diffusers\", \"num_inference_steps\": 2, \"transformer_dtype\": \"bfloat16\", \"vae_dtype\": \"float32\", \"seed\": 0, \"gpu_name\": \"Tesla T4\", \"torch_version\": \"2.10.0+cu128\", \"vae_dtype_actual\": \"torch.float32\", \"transformer_dtype_actual\": \"torch.bfloat16\", \"scene_id\": \"smoke_001\", \"final_prompt\": \"A weathered brass automaton head resting on archive shelves among dusty ledgers, candlelight, shallow depth of field, cinematic. NOT blurry, use sharp focus, high detail instead, NOT low quality, use sharp focus, high detail instead, NOT watermark, use sharp focus, high detail instead, NOT text, use sharp focus, high detail instead.\", \"elapsed_seconds\": 9.2, \"peak_vram_mb\": 12684.6, \"path\": \"/kaggle/working/output/smoke_001.png\", \"size_bytes\": 1524274, \"pixel_std\": 49.72, \"min_bytes_required\": 50000, \"min_std_required\": 5.0, \"gate_passed\": true}\n"}
,{"stream_name":"stdout","time":114.268698004,"data":"[sana_sprint] GATE PASSED\n"}
,{"stream_name":"stderr","time":120.704415373,"data":"/usr/local/lib/python3.12/dist-packages/mistune.py:435: SyntaxWarning: invalid escape sequence '\\|'\n"}
,{"stream_name":"stderr","time":120.704463043,"data":"  cells[i][c] = re.sub('\\\\\\\\\\|', '|', cell)\n"}
,{"stream_name":"stderr","time":121.037306605,"data":"/usr/local/lib/python3.12/dist-packages/nbconvert/filters/filter_links.py:36: SyntaxWarning: invalid escape sequence '\\_'\n"}
,{"stream_name":"stderr","time":121.03733449,"data":"  text = re.sub(r'_', '\\_', text) # Escape underscores in display text\n"}
,{"stream_name":"stderr","time":121.689883223,"data":"[NbConvertApp] Converting notebook __script__.ipynb to html\n"}
,{"stream_name":"stderr","time":123.205005664,"data":"[NbConvertApp] Writing 294925 bytes to __results__.html\n"}
]